Workbook

Sheet Sheet2
A1: SAMPLE NAME | B1: ANDERSON ID | C1: CLIENT | D1: FREEDOM DATE | E1: RECEIVED DATE | F1: RUN
A2: BABY.TAMILARASI (1Y|F) | B2: AND25020015503 | C2: CHIEF MINISTERS COMPREHENSIVE HEALTH INSURANCE SCHEME | D2: 45663 | E2: 20-05-2025 | F2: RUN 6
A3: MISS.MOUSIKA (11Y|F) | B3: AND25020014248 | C3: CHIEF MINISTERS COMPREHENSIVE HEALTH INSURANCE SCHEME | D3: 27-05-2025 | E3: 45843 | F3: RUN 6
A4: MASTER.SIDDHARTH (8Y|M) | B4: AND25020014496 | C4: CHIEF MINISTERS COMPREHENSIVE HEALTH INSURANCE SCHEME | D4: 28-05-2025 | E4: 26-05-2025 | F4: RUN 6
A5: BABY.YADHU NANDHAN (2Y|M) | B5: AND25020014497 | C5: CHIEF MINISTERS COMPREHENSIVE HEALTH INSURANCE SCHEME | D5: 28-05-2025 | E5: 26-05-2025 | F5: RUN 6
A6: MISS.SRI SIVASANKARI (8Y|F) | B6: AND25020014499 | C6: CHIEF MINISTERS COMPREHENSIVE HEALTH INSURANCE SCHEME | D6: 28-05-2025 | E6: 26-05-2025 | F6: RUN 6
A7: BABY.HANISHA (1Y|F) | B7: AND25020014500 | C7: CHIEF MINISTERS COMPREHENSIVE HEALTH INSURANCE SCHEME | D7: 28-05-2025 | E7: 29-05-2026 | F7: RUN 6
A8: BABY.VARSHIT (4M|M) | B8: AND25020014502 | C8: CHIEF MINISTERS COMPREHENSIVE HEALTH INSURANCE SCHEME | D8: 28-05-2025 | E8: 16-05-2025 | F8: RUN 6
A9: BABY.JESSICA (1Y|F) | B9: AND25020016089 | C9: CHIEF MINISTERS COMPREHENSIVE HEALTH INSURANCE SCHEME | D9: 45722 | E9: 29-05-2025 | F9: RUN 6
A10: MASTER.SAMARTH SHRIVAS (11Y|M) | B10: AND25750003076 | C10: DR.RAJE PATHOLOGY - MADHYA PRADESH ., | D10: 45694 | E10: 31-05-2025 | F10: RUN 6
A11: MRS.SANGEETHA G R (35Y|F) | B11: AND251R0004594 | C11: AIKYA FERTILITY AND RESEARCH CENTER - BANGALORE | D11: 45722 | E11: 45753 | F11: RUN 6
A12: MR.MRK (0Y|M) | B12: AND25630000933 | C12: ADSL | D12: 45844 | E12: 31-05-2025 | F12: RUN 6
A13: MR.ABHIJITH A (24Y|M) | B13: AND25380048667 | C13: MEITRA HOSPITAL - KOZHIKODE | D13: 45783 | E13: 45663 | F13: RUN 6
A14: MISS.KAJAL BASFORE (19Y|F) | B14: AND25020016338 | C14: DR.DEEPAK ARJUNDAS MD (MED) D.M (NEURO) FRCP | D14: 45753 | E14: 45752 | F14: RUN 6
A15: MRS.AMMU (26Y|F) | B15: AND25370007387 | C15: BALARAMAN V DM.DIP (NB) | D15: 30-05-2025 | E15: 31.05.2025 | F15: RUN 6
A16: MRS.SAVITA BAI LODHI (26Y|F) | B16: AND25AE0000101 | C16: DR. D PANKAR BANERJI – JABALPUR | D16: 22-05-2025 | E16: 23-05-2025 | F16: RUN 6
A17: MRS.SONAL PATEL (31Y|F) | B17: AND25AE0000107 | C17: DR. D PANKAR BANERJI – JABALPUR | D17: 23-05-2025 | E17: 26-05-2025 | F17: RUN 6
A18: BABY OF.NANTHINI (6D|M) | B18: AND25970002993 | C18: TINY HEARTS - THANJAVUR | D18: 28-05-2025 | E18: 28-05-2025 | F18: RUN 6
A19: MR.VAMARAJU VENKATA PHANI CHANDRA (42Y|M) | B19: AND25420001089 | C19: HEGDE HEALTHCARE PVT LTD | D19: 26-05-2025 | E19: 27-05-2025 | F19: RUN 6
A20: BABY.PRASANN T (1Y|F) | B20: AND251H0000950 | C20: A ONE HOSPITAL & IVF CLINIC- SRIKAKULAM | D20: 27-05-2025 | E20: 27-05-2025 | F20: RUN 6
A21: BABY.SUNITHA K (3Y|F) | B21: AND251H0000973 | C21: MEDICOVER HOSPITAL - SRIKAKULAM | D21: 28-05-2025 | E21: 28-05-2025 | F21: RUN 6
A22: MR.MOHAMED YASIN S(34YM) ( parents of yasna tanzim- already released report) | B22: AND25150019747 | C22: DR.SUDHA RATHNA PRABHU MBBS,DNB,PHD | D22: 28-05-2025 | E22: 29-05-2025 | F22: RUN 6
A23: MRS.NOORUL FARHANA A(26YF) ( parents of baby riya- already released report) | B23: AND25150019748 | C23: DR.SUDHA RATHNA PRABHU MBBS,DNB,PHD | D23: 28-05-2025 | E23: 29-05-2025 | F23: RUN 6
A24: MASTER.JESIN JAI (250202012) (7Y|M) | B24: AND25410006138 | C24: GERDI GUTPERLE AGASTHIYARMUNI CHILD CARE CENTRE (GGAMCCC) - NAGERCOIL | D24: 28-05-2025 | E24: 29-05-2025 | F24: RUN 6
A25: MRS.MANGALI SHIVANI (25Y|F) | B25: AND25420001140 | C25: HEGDE HEALTHCARE PVT LTD | D25: 29-05-2025 | E25: 30.05.2025 | F25: RUN 6
A26: MRS.MANGALI YADAGIRI (32Y|F) | B26: AND25420001141 | C26: HEGDE HEALTHCARE PVT LTD | D26: 29-05-2025 | E26: 30.05.2025 | F26: RUN 6
... A28: MRS.NANDHINI (30Y|F) | B28: AND25630000778 | C28: ICH EGMORE - CHENNAI | D28: 30-05-2025 | E28: 31-05-2025 | F28: RUN 6
A30: BABY.YUTHA JOEL(1YM) | B30: AND25020016549 | C30: CHIEF MINISTERS COMPREHENSIVE HEALTH INSURANCE SCHEME | D30: 45783 | E30: 45721 | F30: RUN 54A
A31: BABY.RITAI ZIDAN(2YM) | B31: AND25400009717 | C31: NAMBIYAPPAN HOSPITALS CHILD CARE CENTRE - TIRUNELVELI | D31: 45783 | F31: RUN 54A
A32: MRS.TIRUMALA SETTY RADHA - (HEG C005845)(36YF) | B32: AND25420001218 | C32: HEGDE HEALTHCARE PVT LTD | D32: 45814 | E32: 45814 | F32: RUN 54A
A33: MR.ARVAPALLY VENKATA NAGA PRASAD H/O.T.RADHA - HEGC005845(37YM) | B33: AND25420001219 | C33: HEGDE HEALTHCARE PVT LTD | D33: 45814 | E33: 45814 | F33: RUN 54A
A34: MR.YELLANURU MOHAMMED ZEELAN(37YM) | B34: AND25420001223 | C34: DR.SELF . | D34: 45814 | E34: 45753 | F34: RUN 54A
A35: MRS.SHAIK SAJIDA BANU(30YF) | B35: AND25420001222 | C35: DR.SELF . | D35: 45814 | E35: 45753 | F35: RUN 54A
A36: BABY.CHARVI DINESH(0YF) | B36: AND25630000935 | C36: DR.SUDHA RATHNA PRABHU MBBS,DNB,PH.D., | D36: 45844 | E36: 45814 | F36: RUN 54A
A37: SELVI.ABIRAMI P (11Y|F) | B37: AND25380050238 | C37: MURUGAN HOSPITAL | D37: 45844 | E37: 45844 | F37: RUN 54A
A38: MRS.SHENBAGAM (38Y|F) | B38: AND25380050239 | C38: MURUGAN HOSPITAL | D38: 45844 | E38: 45844 | F38: RUN 54A
A39: MRS.PRITIKA KAPOOR W/O. RAM RAWAT (33Y|F) | B39: AND25420001327 | C39: 9M FERTILITY BY ANKURA HOSPITAL - HYDERABAD | D39: 45844 | E39: 45875 | F39: RUN 54A
A40: MR.RAM RAWAT H/O. PRITIKA KAPOOR (35Y|M) | B40: AND25420001328 | C40: 9M FERTILITY BY ANKURA HOSPITAL - HYDERABAD | D40: 45844 | E40: 45875 | F40: RUN 54A
A41: MRS.NANDHINI (23Y|F) POC | B41: AND25360012648 | C41: SAI KRISHNA LAB - MADURAI | D41: 45694 | E41: 45753 | F41: RUN 54A
A42: MRS.SUHANA(27YF) | B42: AND251R0004284 | C42: SELF | D42: 30-05-2025 | E42: 31.05.2025 | F42: RUN 54A
A43: MR.SHAKEER(28YM) | B43: AND251R0004285 | C43: SELF | D43: 30-05-2025 | E43: 31.05.2025 | F43: RUN 54A
A44: MRS.NEHA PAWAR (29YF) | B44: AND25750002967 | C44: FEMCARE FERTILITY - PUNE | D44: 31-05-2025 | E44: 31.05.2025 | F44: RUN 54A
A45: MR.AKASH PAWAR (30YM) | B45: AND25750002968 | C45: FEMCARE FERTILITY - PUNE | D45: 31-05-2025 | E45: 31.05.2025 | F45: RUN 54A
A46: MISS.USHASI ROY(4YF) | B46: AND25730003166 | C46: DR.SARWAR JAHAN BHUIYAN PEDIATRICS NEUROLOGY | D46: 31-05-2025 | E46: 45663 | F46: RUN 54A
A47: MR.SUVANKAR ROY(36YM) | B47: AND25730003167 | C47: DR.SARWAR JAHAN BHUIYAN PEDIATRICS NEUROLOGY | D47: 31-05-2025 | E47: 45663 | F47: RUN 54A
A48: MRS.SMRITY DAS(35YF) | B48: AND25730003168 | C48: DR.SARWAR JAHAN BHUIYAN PEDIATRICS NEUROLOGY | D48: 31-05-2025 | E48: 45663 | F48: RUN 54A
A49: MS.SAMRIDDHA DAS(7YF) | B49: AND25790004070 | C49: DR.SATHISHKUMAR L MD, DCH, DM., | D49: 31-05-2025 | E49: 45663 | F49: RUN 54A

Sheet CMC-Vellore
A1: inakaran
A2: S.No | B2: Sample_Name | C2: Gender | D2: CONDITION | E2: Gen_id | F2: Anderson Id | G2: Client | H2: TAT (30 days) | I2: Bioinfo Analysis time | J2: ANALYZE BY | K2: ANALYZE DATE | L2: PRIMARY REVIWER (PRATHEEBA/NAVEEN) | M2: FINAL REVIEW | N2: REMARK | O2: REPORT RELEASE DATE | P2: History writeup
A3: 1 | B3: MS.CHI-1(0YO) | D3: hyperinsulinemia | E3: GEN_T_2.0.spik_1149 | F3: AND-TP-166-LIB-22 | G3: CMC
A4: 2 | B4: MS.CHI-4(0YO) | D4: hyperinsulinemia | E4: GEN_T_2.0.spik_1150 | F4: AND-TP-166-LIB-23 | G4: CMC
A5: 3 | B5: MS.CHI-6(0YO) | D5: hyperinsulinemia | E5: GEN_T_2.0.spik_1151 | F5: AND-TP-166-LIB-24 | G5: CMC
A6: 4 | B6: MS.CHI-7(0YO) | D6: hyperinsulinemia | E6: GEN_T_2.0.spik_1152 | F6: AND-TP-167-LIB-25 | G6: CMC
A7: 5 | B7: MS.CHI-9(0YO) | D7: hyperinsulinemia | E7: GEN_T_2.0.spik_1153 | F7: AND-TP-167-LIB-26 | G7: CMC
A8: 6 | B8: MS.CHI-10(0YO) | D8: hyperinsulinemia | E8: GEN_T_2.0.spik_1154 | F8: AND-TP-167-LIB-27 | G8: CMC
A9: 7 | B9: MS.CHI-11(0YO) | D9: hyperinsulinemia | E9: GEN_T_2.0.spik_1156 | F9: AND-TP-167-LIB-28 | G9: CMC
A10: 8 | B10: MS.CHI-12(0YO) | D10: hyperinsulinemia | E10: GEN_T_2.0.spik_1157 | F10: AND-TP-167-LIB-29 | G10: CMC
A11: 9 | B11: MS.CHI-13(0YO) | D11: hyperinsulinemia | E11: GEN_T_2.0.spik_1158 | F11: AND-TP-167-LIB-30 | G11: CMC
A12: 10 | B12: MS.CHI-14(0YO) | D12: hyperinsulinemia | E12: GEN_T_2.0.spik_1159 | F12: AND-TP-167-LIB-31 | G12: CMC
A13: 11 | B13: MS.CHI-16(0YO) | D13: hyperinsulinemia | E13: GEN_T_2.0.spik_1160 | F13: AND-TP-167-LIB-32 | G13: CMC
A14: SURFseq- Run-5_Lane 3
A15: S.No | B15: Sample_Name | C15: Gender | D15: CONDITION | E15: Gen_id | F15: Anderson Id | G15: Client | H15: TAT (30 days) | I15: Bioinfo Analysis time | J15: ANALYZE BY | K15: ANALYZE DATE | L15: PRIMARY REVIWER (PRATHEEBA/NAVEEN) | M15: FINAL REVIEW | N15: REMARK | O15: REPORT RELEASE DATE | P15: History writeup
A16: 12 | B16: MS.CHI-19(0YO) | D16: hyperinsulinemia | E16: GEN_T_2.0.spik_1161 | F16: AND-TP-168-LIB-12 | G16: CMC
A17: 13 | B17: MS.CHI-21(0YO) | D17: hyperinsulinemia | E17: GEN_T_2.0.spik_1162 | F17: AND-TP-168-LIB-13 | G17: CMC
A18: 14 | B18: MS.CHI-24(0YO) | D18: hyperinsulinemia | E18: GEN_T_2.0.spik_1163 | F18: AND-TP-168-LIB-14 | G18: CMC
A19: 15 | B19: MS.CHI-35(0YO) | D19: hyperinsulinemia | E19: GEN_T_2.0.spik_1164 | F19: AND-TP-168-LIB-15 | G19: CMC
A20: 16 | B20: MS.CHI-36(0YO) | D20: hyperinsulinemia | E20: GEN_T_2.0.spik_1165 | F20: AND-TP-168-LIB-16 | G20: CMC
A21: 17 | B21: MS.CHI-37(0YO) | D21: hyperinsulinemia | E21: GEN_T_2.0.spik_1166 | F21: AND-TP-168-LIB-17 | G21: CMC
A22: 18 | B22: MS.CHI-38(0YO) | D22: hyperinsulinemia | E22: GEN_T_2.0.spik_1167 | F22: AND-TP-168-LIB-18 | G22: CMC
A23: 19 | B23: MS.CHI-42(0YO) | D23: hyperinsulinemia | E23: GEN_T_2.0.spik_1168 | F23: AND-TP-168-LIB-19 | G23: CMC
A24: 20 | B24: MS.CHI-58(0YO) | D24: hyperinsulinemia | E24: GEN_T_2.0.spik_1178 | F24: AND-TP-171-LIB-20 | G24: CMC
A25: 21 | B25: MS.CHI-60(0YO) | D25: hyperinsulinemia | E25: GEN_T_2.0.spik_1179 | F25: AND-TP-171-LIB-21 | G25: CMC
A26: 22 | B26: MS.CHI-61(0YO) | D26: hyperinsulinemia | E26: GEN_T_2.0.spik_1180 | F26: AND-TP-171-LIB-22 | G26: CMC
A27: 23 | B27: MS.CHI-62(0YO) | D27: hyperinsulinemia | E27: GEN_T_2.0.spik_1181 | F27: AND-TP-171-LIB-23 | G27: CMC
A28: 24 | B28: MS.CHI-63(0YO) | D28: hyperinsulinemia | E28: GEN_T_2.0.spik_1182 | F28: AND-TP-171-LIB-24 | G28: CMC
A29: SURFseq- Run-5_Lane 4
A30: S.No | B30: Sample_Name | C30: Gender | D30: CONDITION | E30: Gen_id | F30: Anderson Id | G30: Client | H30: TAT (30 days) | I30: Bioinfo Analysis time | J30: ANALYZE BY | K30: ANALYZE DATE | L30: PRIMARY REVIWER (PRATHEEBA/NAVEEN) | M30: FINAL REVIEW | N30: REMARK | O30: REPORT RELEASE DATE | P30: History writeup
A31: 25 | B31: MS.CHI-44(0YO) | D31: hyperinsulinemia | E31: GEN_T_2.0.spik_1169 | F31: AND-TP-169-17 | G31: CMC
A32: 26 | B32: MS.CHI-46(0YO) | D32: hyperinsulinemia | E32: GEN_T_2.0.spik_1170 | F32: AND-TP-169-18 | G32: CMC
A33: 27 | B33: MS.CHI-48(0YO) | D33: hyperinsulinemia | E33: GEN_T_2.0.spik_1171 | F33: AND-TP-169-19 | G33: CMC
A34: 28 | B34: MS.CHI-49(0YO) | D34: hyperinsulinemia | E34: GEN_T_2.0.spik_1155 | F34: AND-TP-169-20 | G34: CMC
A35: 29 | B35: MS.CHI-50(0YO) | D35: hyperinsulinemia | E35: GEN_T_2.0.spik_1172 | F35: AND-TP-169-21 | G35: CMC
A36: 30 | B36: MS.CHI-51(0YO) | D36: hyperinsulinemia | E36: GEN_T_2.0.spik_1173 | F36: AND-TP-170-26 | G36: CMC
A37: 31 | B37: MS.CHI-54(0YO) | D37: hyperinsulinemia | E37: GEN_T_2.0.spik_1174 | F37: AND-TP-170-27 | G37: CMC
A38: 32 | B38: MS.CHI-55(0YO) | D38: hyperinsulinemia | E38: GEN_T_2.0.spik_1175 | F38: AND-TP-170-28 | G38: CMC
A39: 33 | B39: MS.CHI-56(0YO) | D39: hyperinsulinemia | E39: GEN_T_2.0.spik_1176 | F39: AND-TP-170-29 | G39: CMC
A40: 34 | B40: MS.CHI-57(0YO) | D40: hyperinsulinemia | E40: GEN_T_2.0.spik_1177 | F40: AND-TP-170-30 | G40: CMC
A42: SURFseq- Run-6
A43: S.No | B43: Sample_Name | C43: Gender | D43: CONDITION | E43: Gen_id | F43: Anderson Id | G43: Client | H43: TAT (30 days) | I43: Bioinfo Analysis time | J43: ANALYZE BY | K43: ANALYZE DATE | L43: PRIMARY REVIWER (PRATHEEBA/NAVEEN) | M43: FINAL REVIEW | N43: REMARK | O43: REPORT RELEASE DATE | P43: History writeup
A44: 1 | B44: MS.RGS-319 (0Y|O) | E44: GEN_T_2.0.spik_1200 | F44: AND25380043227 | G44: CMC
A45: 2 | B45: MS.RGS-320 (0Y|O) | E45: GEN_T_2.0.spik_1201 | F45: AND25380043228 | G45: CMC
A46: 3 | B46: MS.RGS-321 (0Y|O) | E46: GEN_T_2.0.spik_1202 | F46: AND25380043229 | G46: CMC
A47: 4 | B47: MS.RGS-322 (0Y|O) | E47: GEN_T_2.0.spik_1203 | F47: AND25380043230 | G47: CMC
A48: 5 | B48: MS.RGS-323 (0Y|O) | E48: GEN_T_2.0.spik_1204 | F48: AND25380043231 | G48: CMC
A49: SURFseq- Run-11
A50: S.No | B50: Sample_Name | C50: Gender | D50: CONDITION | E50: Gen_id | F50: Anderson Id | G50: Client | H50: TAT (30 days) | I50: Bioinfo Analysis time | J50: ANALYZE BY | K50: ANALYZE DATE | L50: PRIMARY REVIWER (PRATHEEBA/NAVEEN) | M50: FINAL REVIEW | N50: REMARK | O50: REPORT RELEASE DATE | P50: History writeup
A51: 1 | B51: VELMURUGAN | C51: Male | D51: Hemophilia A | E51: GEN_T_2.0.spik_1464 | F51: AND-TP-206-LIB-01 | G51: CMC-Dr. Eunice
A52: 2 | B52: ABDUL RANHIM | C52: Male | D52: Hemophilia A | E52: GEN_T_2.0.spik_1465 | F52: AND-TP-206-LIB-02 | G52: CMC-Dr. Eunice
A53: 3 | B53: SAVITHA | C53: Female | D53: FXIII Deficiency | E53: GEN_T_2.0.spik_1466 | F53: AND-TP-206-LIB-03 | G53: CMC-Dr. Eunice
A54: 4 | B54: NASAR | C54: Male | D54: Hemophilia A | E54: GEN_T_2.0.spik_1467 | F54: AND-TP-206-LIB-04 | G54: CMC-Dr. Eunice
A55: 5 | B55: JAGANATH | C55: Male | D55: Hemophilia A | E55: GEN_T_2.0.spik_1468 | F55: AND-TP-206-LIB-05 | G55: CMC-Dr. Eunice
A56: 6 | B56: BIPEESH | C56: Male | D56: Hemophilia A | E56: GEN_T_2.0.spik_1469 | F56: AND-TP-206-LIB-06 | G56: CMC-Dr. Eunice
A57: 7 | B57: JOHN VARGHESE | C57: Male | D57: Hemophilia A | E57: GEN_T_2.0.spik_1470 | F57: AND-TP-206-LIB-07 | G57: CMC-Dr. Eunice
A58: 8 | B58: CHANDRESH V | C58: Male | D58: Multiple Factor Deficiency | E58: GEN_T_2.0.spik_1471 | F58: AND-TP-206-LIB-08 | G58: CMC-Dr. Eunice
A59: 9 | B59: RAZIYA | C59: Female | D59: Bernard Soulier Syndrome | E59: GEN_T_2.0.spik_1472 | F59: AND-TP-207-LIB-09 | G59: CMC-Dr. Eunice
A60: 10 | B60: UDAIYAPPAN N | C60: Male | D60: FXIII Deficiency | E60: GEN_T_2.0.spik_1473 | F60: AND-TP-207-LIB-10 | G60: CMC-Dr. Eunice
A61: 11 | B61: BARESHAVALI D | C61: Male | D61: Hemophilia A | E61: GEN_T_2.0.spik_1474 | F61: AND-TP-207-LIB-11 | G61: CMC-Dr. Eunice
A62: 12 | B62: SANDHYA R | C62: Female | D62: Afibrinogenemia | E62: GEN_T_2.0.spik_1475 | F62: AND-TP-207-LIB-12 | G62: CMC-Dr. Eunice
... A82: 32 | B82: NIVAS | C82: Male | D82: Hemophilia A | E82: GEN_T_2.0.spik_1495 | F82: AND-TP-213-LIB-13 | G82: CMC-Dr. Eunice
A84: SURFseq- Run-12A
A85: S.No | B85: Sample_Name | C85: Gender | D85: CONDITION | E85: Gen_id | F85: Anderson Id | G85: Client | H85: TAT (30 days) | I85: Bioinfo Analysis time | J85: ANALYZE BY | K85: ANALYZE DATE | L85: PRIMARY REVIWER (PRATHEEBA/NAVEEN) | M85: FINAL REVIEW | N85: REMARK | O85: REPORT RELEASE DATE | P85: History writeup
A86: 1 | B86: MRS.RGS - 324 (23Y|F) | C86: Female | E86: GEN_T_2.0.spik_1517 | F86: AND25630001531 | G86: Dr.suceena -CMC-VELLORE | J86: Dr.Sriharikrishnaa S / Diwakar | K86: 01.07.2025 / 07.08.2025 | P86: Proband, born to non- consanguineous marriage is referred for adult onset nephrotic syndrome. Renal biopsy was done and reported podocytopathy. Her laboratory investigations reported hemoglobin: 9.7g/dL, serum creatinine: 1.01mg/dL. Urine analysis reported negative for glucose, protein as triple positive and RBC as 3-4/hpf. She has been evaluated for the pathogenic variations.
A87: 2 | B87: MRS.RGS - 325 (53Y|F) | C87: Female | E87: GEN_T_2.0.spik_1518 | F87: AND25630001532 | G87: Dr.suceena -CMC-VELLORE | J87: Diwakar | K87: 11.08.2025 | P87: Proband, born to non- consanguineous marriage is presented with chronic kidney disease, stage 5. She is suspected to have CKD (cystic kidney disease) suggestive of ADPKD (autosomal dominant poly cystic kidney disease). She has family history of mother affected with CKD (ADPKD) and succumbed to it. Her sister is also affected with ADPKD. Her laboratory investigations reported hemoglobin: 10.7 g/dL, serum creatinine: 10.57 mg/dL. Urine analysis reported glucose: 2+, protein: +, RBC: 2-3 /hpf. Her 24 hour urine protein was 638 mg. She has been evaluated for pathogenic variation.
A88: 3 | B88: MR.RGS - 326 (35Y|M) | C88: Male | E88: GEN_T_2.0.spik_1519 | F88: AND25630001533 | G88: Dr.suceena -CMC-VELLORE | J88: Vikram | K88: 01.07.2025 | P88: Proband, born to non-consanguineous marriage is presented with systemic hypertension. He was diagnosed with CKD (chronic kidney disease) in August 2024. Renal biopsy reported C3 dominant focal segmental glomerulonephritis. He is observed to have normocytic anemia, dyslipidemia and on oral steroids. His laboratory investigations reported hemoglobin: 10.1 g/dL, serum creatinine: 5.71 mg/dL. Urine analysis reported glucose: 2+, protein: 3+ and RBC: 15/hpf. 24 hour urine protein was reported 10310 mg. He has family history of chronic kidney disease in maternal uncle. He is suspected to be affected with C3GN (glomerulonephritis). He has been evaluated for pathogenic variations.
A89: 4 | B89: MR.RGS - 327 (30Y|M) | C89: Male | E89: GEN_T_2.0.spik_1520 | F89: AND25630001534 | G89: Dr.suceena -CMC-VELLORE | J89: Diwakar | K89: 45877 | P89: Proband, born to non- consanguineous marriage is presented with acute on CKD ( chronic kidney disease). Renal biopsy reported non- proliferative glomerulopathy with C3 deposition in mesangium, focal thrombotic microangiopathy changes, 40 % IFTA (interstitial fibrosis and tubular atrophy), probable resolving infection-related glomerulonephritis (IRGN) with malignant hypertension associated TMA. His laboratory investigations reported hemoglobin: 9.5g/dL, serum creatinine: 3.45mg/dL. Urine analysis reported negative for glucose and protein and RBC: 0-1/hpf. 24 hours urine protein reported 854mg. He is suspected to be affected with C3GN (glomerulonephritis). He has been evaluated for pathogenic variations.
A90: 5 | B90: MR.RGS - 328 (55Y|M) | C90: Male | E90: GEN_T_2.0.spik_1521 | F90: AND25630001535 | G90: Dr.suceena -CMC-VELLORE | J90: Diwakar | K90: 45877 | P90: Proband, born to non- consanguineous marriage is presented with chronic kidney disease since December 2024. Renal biopsy done in 2024 reported C3 glomerulonephritis with immunofluorescence showing C3 positivity. On examination he is observed to have hypertension, nephrotic range proteinuria, microscopic hematuria with hypoalbuminemia. His laboratory investigations reported hemoglobin: 11.3 g/dL, serum creatinine: 2.39mg/ dL. Urine analysis reported glucose: +, protein: 3+ and RBC: 45/hpf. His 24 hour urine protein was 11460 mg. He is suspected to be affected with C3GN (glomerulonephritis). He has been evaluated for pathogenic variations.
A91: 6 | B91: MR.RGS - 329 (23Y|M) | C91: Male | E91: GEN_T_2.0.spik_1522 | F91: AND25630001536 | G91: Dr.suceena -CMC-VELLORE | J91: Diwakar | K91: 45816 | P91: Proband, born to third degree consanguineous marriage is presented with hypokalemic periodic paralysis, receiving treatment. On examination he is observed to be hypokalemic with renal loss, suggestive of renal tubular acidosis. His laboratory investigations reported hemoglobin: 15.0 g/dL, serum creatinine: 0.91 mg/dL. Urine analysis reported negative for glucose and protein, RBC: 0-1/ hpf, urine protein to creatinine ratio: 0.07mg/ mg. He has family history of maternal uncle and his two sons affected with chronic kidney disease. He is suspected to be affected with renal tubular acidosis. He has been evaluated for pathogenic variation.
A92: 7 | B92: MR.RGS - 330 (61Y|M) | C92: Male | E92: GEN_T_2.0.spik_1523 | F92: AND25630001537 | G92: Dr.suceena -CMC-VELLORE | J92: Diwakar | K92: 45816 | P92: Proband, born to non- consanguineous marriage is presented with suspected bilateral multiple cortical cysts, no known kidney disease. His laboratory investigations reported hemoglobin: 8.3 g/dL, serum creatinine: 4.09 mg/dL. Urine analysis reported glucose: negative, protein: 3 +, RBC: 1-2/hpf, 24 hour urine protein: 1550mg. He has family history of younger brother affected with chronic kidney disease and succumbed to it, and elder son has renal cyst of 0.6 mm in right kidney. He is suspected to be affected with cystic kidney disease. He has been evaluated for pathogenic variations.
A93: 8 | B93: MR.RGS - 331 (24Y|M) | C93: Male | E93: GEN_T_2.0.spik_1524 | F93: AND25630001538 | G93: Dr.suceena -CMC-VELLORE | J93: Diwakar | K93: 45816 | P93: Proband, born to non- consanguineous marriage is presented with complain of developed anasarca in 2023, March. Renal biopsy reported FSGS (Focal Segmental Glomerulosclerosis), and he was initially put on steroids. In Dec 2024, he had CNI (calcineurin inhibitor) failure and was started on MMF (mycophenolate mofetil). Due to MMF failure he was treated with rituximab 500mg, but treatment was stopped after he developed pancreatitis. His laboratory investigations reported hemoglobin: 10.8 g/dL, serum creatinine: 0.60 mg/dL, urine analysis reported glucose: negative, protein: 2+ , RBC: 2-3 hpf, 24 hour urine protein: 7176 mg. He is suspected to be affected with steroid resistant nephrotic syndrome. He has been evaluated for pathogenic variations.
A94: 9 | B94: MR.RGS - 332 (29Y|M) | C94: Male | E94: GEN_T_2.0.spik_1525 | F94: AND25630001539 | G94: Dr.suceena -CMC-VELLORE | J94: Diwakar | K94: 45846 | P94: Proband, born to non- consanguineous marriage is a renal allograft recipient (deceased donor, transplant on 27/05/25). He had delayed graft function due to acute thrombotic microangiopathy and is currently on immunosuppressive therapy with prednisolone and mycophenolic acid (MPA). He has type 1 diabetes mellitus, suspected diabetic nephropathy or podocytopathy and no known kidney disease. He was on dialysis for 2 years before transplant. Post transplant laboratory investigations done on 17/07/2025 reported hemoglobin: 8.7 g/dL, serum creatinine: 3.61 mg/dL, urine analysis reported glucose: 4+, protein: +, leukocyte: 3+, ketone: 2+, RBC: 287/ hpf. He has family history of paternal uncle affected chronic kidney disease and succumbed to it after 5 days of diagnosis. He is suspected to be affected with atypical Hemolytic Uremic Syndrome. He has been evaluated for pathogenic variations.
A95: 10 | B95: MRS.RGS - 333 (24Y|F) | C95: Female | E95: GEN_T_2.0.spik_1526 | F95: AND25630001540 | G95: Dr.suceena -CMC-VELLORE | P95: Proband, born to non- consanguineous marriage is presented with chronic kidney disease stage 3. Renal biopsy done in 2022 reported glomerulopathy with focal segmental and global glomerulosclerosis, along with mild tubulointerstitial scarring (15–20%), mild arteriosclerosis, and arteriolar hyalinosis. There was no evidence of active glomerulonephritis. On examinsation she is observed to have secondary FSGS (Focal Segmental Glomerulosclerosis) and hypertension. Laboratory investigations reported hemoglobin: 10.3 g/dL, serum creatinine: 3.36 mg/dL. Urine analysis reported glucose: negative, protein: +, RBC: 0-1/hpf, 24 hour urine protein: 1623 mg. She is suspected to be affected with hereditary nephritis. She has been evaluated for pathogenic variations.
A96: 11 | B96: MR.RGS - 334 (27Y|M) | C96: Male | E96: GEN_T_2.0.spik_1527 | F96: AND25630001542 | G96: Dr.suceena -CMC-VELLORE | P96: Proband, born to consanguineous marriage is presented with chronic kidney disease (CKD) and is on maintenance hemodialysis (MHD) twice weekly. He has no known kidney disease, is suspected of chronic interstitial nephritis (CIN). He has CKD complications like hyperphosphatemia, metabolic acidosis, anemia of chronic disease with blood loss. He is observed to have bilateral eye retinitis pigmentosa. Laboratory investigations reported hemoglobin: 9.3 g/dL, serum creatinine: 9.01 mg/dL, urine analysis reported glucose: negative, protein: negative, RBC: 0-1/ hpf, 24 hour urine protein: 404 mg. He is suspected to have inherited mitochondrial syndrome, hereditary nephritis. He has been evaluated for pathogenic variations.
A97: 12 | B97: MR.RGS - 335 (30Y|M) | C97: Male | E97: GEN_T_2.0.spik_1528 | F97: AND25630001543 | G97: Dr.suceena -CMC-VELLORE | P97: Proband, born to non- consanguineous marriage is presented with chronic kidney disease (CKD) with serum creatinine of 30mg/dL and has been initiated on hemodialysis. He has no known kidney disease and the cause remains unknown. He has CKD complications like anemia of chronic disease, hyperkalemia, metabolic acidosis, hyperuricemia, hyperphosphatemia and secondary hyperparathyroidism. Current laboratory investigations reported hemoglobin: 9.5 g/dL, serum creatinine: 10.8 mg/dL. He has family history of father affected with CKD, was on dialysis, underwent 2 renal transplants and died. His brother had CKD, was on dialysis, received a transplant from mother as doner, died after 3 years of transplant. His paternal grandfather had CKD. His paternal cousin has underwent 2 renal transplant. He is suspected to be affected with hereditary renal tubular disorder. He has been evaluated for pathogenic variations.
A98: 13 | B98: MR.RGS - 336 (31Y|M) | C98: Male | E98: GEN_T_2.0.spik_1529 | F98: AND25630001544 | G98: Dr.suceena -CMC-VELLORE | P98: Proband, born to non- consanguineous marriage is presented with chronic kidney disease (CKD) stage 5 and is on maintenance hemodialysis. He has no known kidney disease and is suspected of chronic thrombotic microangiopathy (TMA) or malignant hypertension, biopsy was done on 25/05/2025. Laboratory investigations reported hemoglobin: 9.6g/ dL, serum creatinine: 8.05 mg/dL. Urine analysis reported glucose: negative, protein: 2+, RBC: 7/hpf, 24 hour urine protein: 1160 mg. He is suspected to have atypical Hemolytic Uremic Syndrome. He has been evaluated for pathogenic variations.
A99: 14 | B99: MR.RGS - 337 (27Y|M) | C99: Male | E99: GEN_T_2.0.spik_1530 | F99: AND25630001545 | G99: Dr.suceena -CMC-VELLORE | P99: Proband, born to non- consanguineous marriage is presented with chronic kidney disease (CKD) stage 5 and is on hemodialysis since 2024 December. He has no known kidney disease suggestive of obstructive uropathy suspected bilateral renal calculi. He underwent surgery for bilateral DJ stenting on 04/01/2025. His laboratory investigations reported: hemoglobin: 8.4 g/ dL, serum creatinine: 6.35 mg/dL. Urine analysis reported glucose: 2+, protein: +, RBC: 301/hpf, 24 hour urine protein: 6061 mg. He is suspected to be affected with kidney stone disease. He has been evaluated for pathogenic variations
A100: 15 | B100: MASTER.RGS - 338 (13Y|M) | C100: Male | E100: GEN_T_2.0.spik_1531 | F100: AND25630001546 | G100: Dr.suceena -CMC-VELLORE | J100: Diwakar | K100: 11.08.2025 | P100: Proband, born to non- consanguineous marriage is presented with nephrotic syndrome (adolescent onset steroid resistant nephrotic syndrome). He is observed to have hereditary nephritis (Alport syndrome) and bilateral moderate sensorineural hearing loss. Laboratory investigations reported hemoglobin: 13.7 g/dL, serum creatinine: 0.85, urine analysis reported glucose: +, protein: 3+ RBC: 29/hpf, urine protein to creatinine ratio: 6.31 mg/mg. He is suspected to be affected with steroid resistant nephrotic syndrome. He has been evaluated for pathogenic variations.
A101: 16 | B101: MRS.RGS - 339 (33Y|F) | C101: Female | E101: GEN_T_2.0.spik_1532 | F101: AND25630001547 | G101: Dr.suceena -CMC-VELLORE | J101: Diwakar | K101: 11.08.2025 | P101: Proband, born to non- consanguineous marriage presented with complain of chronic kidney disease(CKD) since 2020 with serum creatinine 1.9mg/dL. She is observed to be hypertensive. Laboratory investigations reported hemoglobin: 10.8 g/dL, serum creatinine: 5.17 mg/dL, Urine analysis reported glucose: negative, protein: 2+, RBC: 13/hpf, 24 hour urine protein: 1069 mg. She has no family history of kidney disease or any other genetic disease. She is suspected to be affected with CKD of unknown origin. She has been evaluated for pathogenic variations.
A102: 17 | B102: MR.RGS - 340 (22Y|M) | C102: Male | E102: GEN_T_2.0.spik_1533 | F102: AND25630001548 | G102: Dr.suceena -CMC-VELLORE | J102: Diwakar | K102: 11.08.2025 | P102: Proband, born to consanguineous marriage is presented with complain of acute kidney infection (AKI). He has no known kidney disease, suspected of focal segmental glomerulosclerosis. Immunosuppression was initiated on 17/12/2024 and terminated in June 2025. He is observed to have nephrotic syndrome. Laboratory investigations reported hemoglobin: 8.7 g/dL, serum creatinine: 1.52 mg/dL, urine analysis reported glucose: negative, protein: 3+, RBC: 10/ hpf, 24 hour urine protein: 7929 mg. He is suspected to be affected with steroid resistant nephrotic syndrome. He has been evaluated for pathogenic variations.
A103: 18 | B103: MR.RGS - 341 (0Y|M) | C103: Male | E103: GEN_T_2.0.spik_1534 | F103: AND25630001549 | G103: Dr.suceena -CMC-VELLORE | J103: Diwakar | K103: 45846 | P103: Proband, born to consanguineous marriage is presented with chronic kidney disease. He has hypertension since 2025 and is on maintenance hemodialysis thrice a week since June 2025. On examination he is observed to have proteinuria. Laboratory investigations reported hemoglobin: 10.2 g/dL, serum creatinine: 9.15 mg/dL, urine analysis reported glucose: 2+, protein: 2+, RBC: 9/ hpf. He has been evaluated for pathogenic variations.
A104: 19 | B104: MRS.RGS - 215A (33Y|F) | C104: Female | E104: GEN_T_2.0.spik_1535 | F104: AND25630001550 | G104: Dr.suceena -CMC-VELLORE | J104: Diwakar | K104: 45846 | P104: Proband, born to consanguineous marriage, is presented with inherited proximal renal tubular acidosis. His laboratory investigations reported hemoglobin: 10.6 g/dL, serum creatinine: 0.51 mg/ dL, urine protein to creatinine ratio: 0.23 mg/mg, 24 hour urine protein: 82 mg. He has family history of younger sibling affected with same disease. He is suspected to be affected with renal tubular acidosis. He has been evaluated for pathogenic variations.

Sheet RE-ANALYSIS
A1: f | B1: Sample_Name | C1: Test | D1: Gen_ID | E1: Anderson_ID | F1: Client | G1: RAW DATA RECEIVED DATE | H1: ANALYZE BY | I1: ANALYZE DATE | J1: REVIEWER | K1: FINAL REVIEW | L1: REMARK | M1: REPORT RELEASE DATE | N1: History writeup
A2: 1 | B2: Mr. Prathik Singh (husband of komal singh - AND25420002073) | G2: 28-07-2025 | N2: Writeup Available
A3: 2 | B3: Thiruvendhan - CMC | G3: 45755 | H3: Diwakar
A4: 3 | B4: Dhanshika_9234064 | C4: NGS Data Reanalysis | E4: AND25630002113 | F4: Dr.SUDHA RATHNA PRABHU MBBS,DNB,PH.D., | G4: 30-08-2025 | N4: Writeup Available
A5: 4 | B5: MS. NIRANJANA ( 0Y|F ) | C5: NGS Data Reanalysis | E5: AND25630002836 | F5: Dr.SUDHA RATHNA PRABHU MBBS,DNB,PH.D., | G5: 30-09-2025 | L5: Sent for review | N5: Writeup Available
A6: 5 | B6: BABY. SIDDHARTHAN ( 7M|M ) | C6: NGS Data Reanalysis | E6: AND25630003090 | F6: Dr.SUDHA RATHNA PRABHU MBBS,DNB,PH.D., | G6: 16-10-2025 | H6: Pratheeba | L6: Sent for review | N6: Writeup Available
A7: 6 | B7: karimunnisa | C7: NGS Data Reanalysis | E7: AND25420003967 | F7: Dr.DR. KAVYA REDDY . | G7: 14-10-2025 | M7: 13-11-2025 | N7: Writeup Available
A8: 7 | B8: Baby Hamirish | C8: NGS Data Reanalysis | E8: AND25630003263 | G8: 30-10-2025 | N8: History available in TRF,Writeup not available
A9: 8 | B9: hema gowrish
A10: 8 | B10: Baby M. Aadhil Sheriff | C10: NGS Data Reanalysis
A11: 9 | B11: Kavineeth | C11: NGS Data Reanalysis | F11: Dr.SUDHA RATHNA PRABHU MBBS,DNB,PH.D., | G11: 45728
A12: 10 | B12: Mr. Vara Prasad Noojella (wes done @And for couple on 29-06-2023) | C12: NGS Data Reanalysis
A13: 11 | B13: Mrs. Haritha Noojella (wes done @And for couple on 29-06-2023) | C13: NGS Data Reanalysis | F13: Hedge Healthcare Pvt Ltd
A14: 12 | B14: Baby.Divina | C14: NGS Data Reanalysis | E14: AND25630003953 | F14: Dr.SUDHA RATHNA PRABHU MBBS,DNB,PH.D.,
A15: 13 | B15: Irshad Ahmed Sait | C15: NGS Data Reanalysis | F15: Dr.SUDHA RATHNA PRABHU MBBS,DNB,PH.D.,
A16: 14 | B16: Mrs. Sapna Pal | D16: 1566 | E16: AND25100002156 | F16: : Hospital/Clinic: ANDERSON LABS - PRAYAGRAJ | H16: Diwakar / Franklin | I16: 24-12-2025 | J16: Diwakar | K16: Sent to sir | N16: Writeup Available
A17: 15 | B17: Dhashvin | F17: Dr.SUDHA RATHNA PRABHU MBBS,DNB,PH.D.,
A18: 16 | B18: Puzhalenthi
A19: 17 | B19: Master.Sharvesh Durai | E19: AND23380049769
A20: 18 | B20: Baby.Dhakshith | E20: AND26620048528
A21: 19 | B21: Mr.Kowshik Mahadev | E21: AND21380069107
A22: 20 | B22: Baby.Sakthi S | E22: AND25630002737
A23: 21 | B23: Baby of Pavithra | E23: AND25630002581
A24: 22 | B24: Arya (MR.BALAJI (42 Y 0 M 0 D Male)_MRS.SUMALATHA (32 Y 0 M 0 D Female) - first child) | G24: 13-01-2026
A25: 23 | B25: Mr. Thiagarajan [1684] | D25: GEN_T_2.0.spik_2640 | E25: AND25430001584 | H25: Sanjay | I25: 26-02-2026 | J25: Diwakar | K25: Sent to sir | L25: Report released | M25: 28/02/2026
A26: 24 | B26: Sagar
A27: 25 | B27: Nisha
A28: 26 | B28: Adyar-WES44 | C28: NGS Data Reanalysis
A29: 27 | B29: Adyar-WES42 | C29: NGS Data Reanalysis
A30: 28 | B30: Adyar-WES41 | C30: NGS Data Reanalysis
A31: 29 | B31: Baby. Iniya. B | E31: AND25630005140 | F31: ICH Egmore - Chennai
A32: 30 | B32: Mr. Sankaradoss | C32: NGS Data Reanalysis | F32: Dr.SUDHA RATHNA PRABHU MBBS,DNB,PH.D.,
A33: 31 | B33: Mrs. Raja Lakshmi | C33: NGS Data Reanalysis | F33: Dr.SUDHA RATHNA PRABHU MBBS,DNB,PH.D.,
A34: 32 | B34: Ms. Rupika Rajendran | E34: AND25370004185 | F34: ICH Egmore - Chennai | J34: diwakar | L34: reanalysis done | M34: 46085
A35: 33 | B35: Mr. Sangeeth Setty | C35: NGS Data Reanalysis | F35: Hedge Healthcare Pvt Ltd | G35: 23-04-2026 | H35: Naveen | I35: 27-04-2026 | J35: naveen | L35: Report released | M35: 46178
A36: 34 | B36: Ms. Anusha Banda | C36: NGS Data Reanalysis | F36: Hedge Healthcare Pvt Ltd | G36: 23-04-2026 | H36: Naveen | I36: 27-04-2026 | J36: naveen | L36: Report released | M36: 46178
A37: 35 | B37: Baby of Krishnaveni | C37: NGS Data Reanalysis | F37: Dr.SUDHA RATHNA PRABHU MBBS,DNB,PH.D., | J37: naveen
A38: 36 | B38: Mr. Karthick Kannan (2511038797) | E38: CBC0000001444 | F38: A4 Fertility Centre - Virugambakkam | J38: vignesh | L38: Report released | M38: 13/05/2026
A39: 39 | B39: Baby. P. Vamsi | C39: NGS Data Reanalysis | E39: AND25020009223 | F39: CHIEF MINISTERS COMPREHENSIVE HEALTH INSURANCE SCHEME
A40: 41 | B40: Mr. Pinninti Thaviti Naidu | C40: NGS Data Reanalysis | E40: AND251H0001294 | F40: Medicover Hospital - Srikakulam
A41: 42 | B41: Mrs. Pinninti Saradha | C41: NGS Data Reanalysis | E41: AND251H0001295 | F41: Medicover Hospital - Srikakulam
A42: 43 | B42: RAIZA RICHU | C42: NGS Data Reanalysis | J42: diwakar | L42: add acmg only
A43: 44 | B43: RICHU SULAIMAN | C43: NGS Data Reanalysis | J43: diwakar | L43: add acmg only
A44: 45 | B44: ROSHINI RICHU | C44: NGS Data Reanalysis | J44: diwakar | L44: add acmg only
A45: 46 | B45: Mohammed Zeeshan | C45: NGS Data Reanalysis
A46: 47 | B46: Mr. Mithun Kumar | C46: NGS Data Reanalysis | E46: GRM0000002768 | F46: Kauvery Hospital, Chennai
A47: 48 | B47: Mrs. Karthiyayini | C47: NGS Data Reanalysis | E47: CBC0000026539 | F47: Kauvery Hospital, Chennai
A48: 49 | B48: Mr. Sooraj | C48: NGS Data Reanalysis | E48: CBC0000007096 | F48: NOVA IVF, Palakkad
A49: 50 | B49: Ms. Nainika Sooraj PLK02867 | C49: NGS Data Reanalysis | E49: PLD0000000611 | F49: Rhea Healthcare pvt ltd - palakkad | G49: 16-05-2026 | J49: vignesh | L49: Report released | M49: 25/05/2026
A50: 51 | B50: MRS.JOTHISH M (25 Y 10 M 12 D /F) | C50: NGS Data Reanalysis | E50: ADK0000001189 | F50: EGMORE CHILDREN HOSPITAL
A51: 52 | B51: MS.BHUVANESHWARI(21 Y 1 M 11 D /Female) | C51: NGS Data Reanalysis | E51: ADK0000000537 | F51: EGMORE CHILDREN HOSPITAL
A52: 53 | B52: BABY.A KAVIN(0Y/M) | C52: NGS Data Reanalysis | E52: ADK0000001369 | F52: EGMORE CHILDREN HOSPITAL
A53: 55 | B53: Master Muhammad Fazil | E53: ADK0000000877 | F53: ICH EGMORE-Chennai
A54: 56 | B54: MR.APPANNA SAI CHAKRADHAR | C54: NGS Data Reanalysis | E54: ADK0000002391 | F54: ADSL(8087) | J54: vignesh | L54: Report released | M54: 26/5/2026
A55: 57 | B55: MRS. VANKAYALA SAI SUMALIKA | C55: NGS Data Reanalysis | E55: ADK0000002392 | F55: ADSL(8087) | J55: vignesh | L55: Report released | M55: 26/5/2026
A56: 58 | B56: MRS. POC OF SUMALIKA | C56: NGS Data Reanalysis | E56: ADK0000002393 | F56: ADSL(8087) | G56: 46361 | J56: vignesh | L56: Report released as Trio with Appana and Sumalika | M56: 26/5/2026
A57: 59 | B57: Master.Mithran P | C57: NGS Data Reanalysis | E57: AND25020056079 | F57: ICH EGMORE-Chennai
A58: 60 | B58: Harshini(U531207) | C58: NGS Data Reanalysis
A59: 61 | B59: Baby. Prakhya. R | C59: NGS Data Reanalysis | E59: AND25020071248 | F59: ICH EGMORE-Chennai
A60: 62 | B60: Baby.Dhanasri | C60: NGS Data Reanalysis | E60: AND25630004959 | F60: ICH EGMORE-Chennai
A61: 63 | B61: Mr. SIVAKUMAR | C61: NGS Data Reanalysis | E61: ACL0000022545 | F61: ABDUL | MBBS MD, OBG INFERTILITY SPECIALIST | G61: 17.06.2026 | H61: Gayathri | I61: 04.07.2026 | J61: Gayathri | M61: 46302 | N61: Writeup Available
A62: 64 | B62: MRS.BHAGYAVATHY | C62: NGS Data Reanalysis | E62: ACL0000022542 | F62: ABDUL | MBBS MD, OBG INFERTILITY SPECIALIST | G62: 17.06.2026 | H62: Gayathri | I62: 04.07.2026 | J62: Gayathri | M62: 46302 | N62: Writeup Available
A63: 65 | B63: MRS.KAVYA S | C63: NGS Data Reanalysis | E63: ADB0000046104 | F63: DEEPAK SHETTY
A64: 66 | B64: MR.PREMKUMARA M | C64: NGS Data Reanalysis | E64: ADB0000046093 | F64: DEEPAK SHETTY
A65: 67 | B65: Miss. M. Rakshitha | C65: NGS Data Reanalysis | E65: ADK0000002653 | F65: ICH EGMORE-Chennai
A66: 68 | B66: DHEESHITHA L | F66: Institute Of Child Health & Hospital For Children- credit- Jeenomics
A67: 69 | B67: Mrs. Lalitha Bohara | E67: AND25AJ0013971 | F67: Dr. Deepak Arjundas M.D.(MED), D.M.(NEURO), FRCP

Sheet Sheet1
A1: f
A2: S.NO | B2: Sample_Name | C2: TEST | D2: GENID | E2: Anderson Id | F2: Client | G2: TAT (30 days) | H2: Bioinfo Analysis time | J2: ANALYZE BY (DIKSHA/VAMSHI) | K2: ANALYZE DATE | L2: PRIMARY REVIWER (PRATHEEBA/NAVEEN) | M2: FINAL REVIEW | N2: REMARK | O2: REPORT RELEASE DATE | P2: History Writeup
A3: 26 | B3: MISS.SUJITHA RENY (8Y|F) | C3: WES | D3: GEN_T_2.0.spik_1070 | E3: AND25020009516 | F3: CHIEF MINISTERS COMPREHENSIVE HEALTH INSURANCE SCHEME | G3: 45817 | O3: 26-06-2025 | P3: Writeup availble
A5: SURFSeq - Run - 4 Lane - 02(Repeat samples)
A6: S.NO | B6: Sample_Name | C6: TEST | D6: GENID | E6: Anderson Id | F6: Client | G6: TAT (30 days) | H6: Bioinfo Analysis time | J6: ANALYZE BY (DIKSHA/VAMSHI) | K6: ANALYZE DATE | L6: PRIMARY REVIWER (PRATHEEBA/NAVEEN) | M6: FINAL REVIEW | N6: REMARK | O6: REPORT RELEASE DATE | P6: History Writeup
A7: 17 | B7: MS.SURUTHI ABIRAMI B (31Y|F) | C7: WES | D7: GEN_T_2.0.spik_1035A | E7: AND25630000341 | G7: 31/05/2025
A8: 24 | B8: MISS.THANIGAIVEDHA D/O SANDHYA MUTHULINGAM (30Y|F) | C8: WES | D8: GEN_T_2.0.spik_1040A | E8: AND25380023404 | F8: A4 FERTILITY CENTRE - (A UNIT OF A4 HOSPITAL) - CHENNAI | G8: 45694 | P8: Writeup available
A10: SURFSeq - Run - 4 Lane - 03
A11: S.NO | B11: Sample_Name | C11: TEST | D11: GENID | E11: Anderson Id | F11: Client | G11: TAT (30 days) | H11: Bioinfo Analysis time | J11: ANALYZE BY (DIKSHA/VAMSHI) | K11: ANALYZE DATE | L11: PRIMARY REVIWER (PRATHEEBA/NAVEEN) | M11: FINAL REVIEW | N11: REMARK | O11: REPORT RELEASE DATE | P11: History Writeup
A12: 1 | B12: MS.SURUTHI ABIRAMI B(31YF) | C12: WES | D12: GEN_T_2.0.spik_1035A | E12: AND25630000341 | F12: ADSL | G12: 31-05-2025 | J12: VAMSHI | K12: 45723
A14: SURFSeq - Run - 4 Lane - 03
A15: S.NO | B15: Sample_Name | C15: TEST | D15: GENID | E15: Anderson Id | F15: Client | G15: TAT (30 days) | H15: Bioinfo Analysis time | J15: ANALYZE BY (DIKSHA/VAMSHI) | K15: ANALYZE DATE | L15: PRIMARY REVIWER (PRATHEEBA/NAVEEN) | M15: FINAL REVIEW | N15: REMARK | O15: REPORT RELEASE DATE | P15: History Writeup
A16: 10 | B16: BABY.PENCHALA MEDHANSH (1Y|M) | C16: WES | D16: GEN_T_2.0.spik_1055 | E16: AND25630000386 | F16: DR.SUDHA RATHNA PRABHU MBBS,DNB,PHD | G16: 45812 | J16: DIKSHA | K16: 14/06/2025 | L16: PRATHEEBA | O16: 45723 | P16: Writeup available
A17: 19 | B17: MRS.GAYATHRI G (34Y|F) | C17: WES | D17: GEN_T_2.0.spik_1080 | E17: AND25020010300 | F17: DR.SUDHA RATHNA PRABHU MBBS,DNB,PHD | G17: 45817 | J17: VAMSHI | K17: 22/06/2025 | L17: PRATHEEBA | O17: 45723
A18: 20 | B18: MR.MANIKANDAN M (43Y|M) | C18: WES | D18: GEN_T_2.0.spik_1081 | E18: AND25020010303 | F18: DR.SUDHA RATHNA PRABHU MBBS,DNB,PHD | G18: 45817 | J18: VAMSHI | K18: 22/06/2025 | L18: PRATHEEBA | O18: 45723 | P18: Writeup available
A20: SURFSeq - Run - 5 Lane - 01
A21: S.NO | B21: Sample_Name | C21: TEST | D21: GENID | E21: Anderson Id | F21: Client | G21: TAT (30 days) | H21: Bioinfo Analysis time | J21: ANALYZE BY (DIKSHA/VAMSHI) | K21: ANALYZE DATE | L21: PRIMARY REVIWER (PRATHEEBA/NAVEEN) | M21: FINAL REVIEW | N21: REMARK | O21: REPORT RELEASE DATE | P21: History Writeup
A22: 1 | B22: MASTER.RUDRAV R (6M|M) | C22: WES | D22: GEN_T_2.0.spik_1085 | E22: AND25720005682 | F22: MEITRA HOSPITAL - KOZHIKODE | G22: 45936 | H22: 7 days | J22: VAMSHI | K22: 45818 | L22: NAVEEN | O22: 45967 | P22: Writeup available
A23: 2 | B23: JANISHA(11Y/F) | C23: WES | D23: GEN_T_2.0.spik_1086 | E23: AND25020010764 | F23: CHIEF MINISTERS COMPREHENSIVE HEALTH INSURANCE SCHEME | G23: 45753 | H23: 1 days | J23: VAMSHI | K23: 45814 | L23: NAVEEN | O23: 17/06/2025 | P23: Writeup available
A24: 3 | B24: MRS.SHILPA W/O KIRAN KUMAR (33YF) AF | C24: WES | D24: GEN_T_2.0.spik_AF1088 | E24: AND25910005649 | F24: GURU SCAN CENTRE - DAVANGERE | G24: 45967 | H24: 8 days | L24: PRATHEEBA | O24: 45936
A25: 4 | B25: MRS.NIDHI(29YF) POC | C25: WES | D25: GEN_T_2.0.spik_1089 | E25: AND25380028019 | F25: DR.SHALINI LALITKUMAR MS, OBG | G25: 45875 | H25: 5 days | J25: DIKSHA | K25: 13/06/2025 | O25: 23/06/2024 | P25: Writeup available
A26: 5 | B26: SANTONINO | C26: WES | D26: GEN_T_2.0.spik_1091 | E26: AND25020010765 | F26: CHIEF MINISTERS COMPREHENSIVE HEALTH INSURANCE SCHEME | G26: 45814 | H26: 3 days | J26: DIKSHA | K26: 45814 | L26: PRATHEEBA | O26: 19-06-2025 | P26: Writeup available
A27: 6 | B27: MR.PRAKASH(0YM) | C27: Male Infertility NGS panel | D27: GEN_T_2.0.spik_1112 | E27: AND25380035463 | F27: AKSHARA FERTILITY CENTRE - ANNA NAGAR | G27: - | H27: - | O27: 27-06-2025
A28: 7 | B28: BABY OF.AKANKSHA PANDEY (12D|F) - Urgent report | C28: WES | D28: GEN_T_2.0.spik_1093 | E28: AND25100000700 | F28: MOTHERLAND HOSPITAL - NOIDA | G28: - | H28: - | J28: DIKSHA | K28: 45814 | L28: PRATHEEBA | N28: IKBKG GENE (Medgenome report awaiting) | O28: 26-05-2025 | P28: Writeup available
A29: 8 | B29: MR.KAVIN NILAVAN R (26Y|M) | C29: WES | D29: GEN_T_2.0.spik_1094 | E29: AND25150014265 | F29: SUDHA RATHNA PRABHU MBBS,DNB,PHD | G29: 45967 | H29: 8 days | J29: VAMSHI | K29: 45826 | O29: 21/06/2025 | P29: Writeup available
A30: 9 | B30: LIYAN SAI 7M/M | C30: WES | D30: GEN_T_2.0.spik_1092 | E30: AND25020011504 | F30: CHIEF MINISTERS COMPREHENSIVE HEALTH INSURANCE SCHEME | G30: 45875 | H30: 5 days | J30: VAMSHI | K30: 45814 | L30: NAVEEN | O30: 21-06-2025
A31: 10 | B31: MR.VIJAYASIMHA (42Y|M) | C31: WES | D31: GEN_T_2.0.spik_1095 | E31: AND251R0003001 | F31: AIKYA FERTILITY AND RESEARCH CENTER - BANGALORE | G31: 13-06-2025 | H31: 10 days | J31: VAMSHI | K31: 45829 | O31: 24-06-2025 | P31: Writeup available
A32: 11 | B32: DR.PUNITHA KASHYAP (37Y|F) | C32: WES | D32: GEN_T_2.0.spik_1096 | E32: AND251R0003002 | F32: AIKYA FERTILITY AND RESEARCH CENTER - BANGALORE | G32: 13-06-2025 | H32: 10 days | J32: VAMSHI | K32: 45829 | O32: 24-06-2025 | P32: Writeup available
A33: 12 | B33: MRS.SHANTHA LAKSHMI M (38Y|F) | C33: WES | D33: GEN_T_2.0.spik_1097 | E33: AND25020010950 | F33: DECHAMMA K A MBBS DNB OBG | G33: 13-06-2025 | H33: 10 days | J33: DIKSHA | K33: 14/06/2025 | O33: 21-06-2025
A34: 13 | B34: MRS.PAVITHRA [1941] (30Y|F) | C34: WES | D34: GEN_T_2.0.spik_1098 | E34: AND25430000231 | F34: SRI CHAKRA FERTILITY - ASHOK NAGAR | G34: 13-06-2025 | H34: 10 days | O34: 18/06/2025
A35: 14 | B35: MASTER.SRITHAR(4YM) | C35: WES | D35: GEN_T_2.0.spik_1076 | E35: AND25020010066 | F35: CHIEF MINISTERS COMPREHENSIVE HEALTH INSURANCE SCHEME | G35: 13-06-2025 | H35: 10 days | J35: VAMSHI | K35: 45814 | L35: NAVEEN | O35: 45997 | P35: Writeup available
A36: 15 | B36: BABY.SAKTHI BALAN(4YM) | C36: WES | D36: GEN_T_2.0.spik_1110 | E36: AND25020011863 | F36: CHIEF MINISTERS COMPREHENSIVE HEALTH INSURANCE SCHEME | G36: 15-06-2025 | H36: 12 days | J36: DIKSHA | K36: 45844 | L36: PRATHEEBA | O36: 23/06/2024 | P36: Writeup available
A37: 16 | B37: MR.KARTHIKEYAN (UHID 7176685) (43Y|M) | C37: WES | D37: GEN_T_2.0.spik_1101 | E37: AND25150015045 | F37: HINDU MISSION HOSPITAL | G37: 14-06-2025 | H37: 11 days | J37: VAMSHI | K37: 45817 | L37: NAVEEN | O37: 20-06-2025
A38: 17 | B38: MR.VENKATA CHAITANYA REDDY G (29Y|M) | C38: WES | D38: GEN_T_2.0.spik_1102 | E38: AND25250000327 | F38: AMERICAN KIDNEY INSTITUTTE - VIJAYAWADA | G38: 14-06-2025 | H38: 11 days | J38: DIKSHA | K38: 45844 | O38: 20-06-2025
A39: 18 | B39: MR.KISHORE GOWTHAM RAJU (32Y|M) | C39: WES | D39: GEN_T_2.0.spik_1103 | E39: AND25630000527 | F39: M LAB SERVICES - T NAGAR | G39: 14-06-2025 | H39: 11 days | J39: VAMSHI | K39: 45815 | L39: NAVEEN | O39: 20-06-2025 | P39: Writeup available
A40: 19 | B40: MASTER.ASHIF (6Y|M) | C40: WES | D40: GEN_T_2.0.spik_1104 | E40: AND25020011505 | F40: CHIEF MINISTERS COMPREHENSIVE HEALTH INSURANCE SCHEME | G40: 15-06-2025 | H40: 12 days | J40: DIKSHA | K40: 45906 | O40: 21-06-2025 | P40: Writeup available
A41: 20 | B41: BABY.PADMAVATHY (4Y|F) | C41: WES | D41: GEN_T_2.0.spik_1105 | E41: AND25020011506 | F41: CHIEF MINISTERS COMPREHENSIVE HEALTH INSURANCE SCHEME | G41: 15-06-2025 | H41: 12 days | J41: VAMSHI | K41: 45815 | L41: Naveen | O41: 21-06-2025
A42: 21 | B42: MASTER.SANTHOSH KUMAR (11Y|M) | C42: WES | D42: GEN_T_2.0.spik_1106 | E42: AND25020011507 | F42: CHIEF MINISTERS COMPREHENSIVE HEALTH INSURANCE SCHEME | G42: 15-06-2025 | H42: 12 days | J42: DIKSHA | K42: 45844 | L42: PRATHEEBA | O42: 45967
A43: 22 | B43: BABY.KIRTHIK (10M|M) | C43: WES | D43: GEN_T_2.0.spik_1107 | E43: AND25020011563 | F43: CHIEF MINISTERS COMPREHENSIVE HEALTH INSURANCE SCHEME | G43: 15-06-2025 | H43: 12 days | J43: VAMSHI | K43: 45817 | L43: NAVEEN | O43: 45695
A44: 23 | B44: MISS.KHUSHBOO JEETUKUMAR NIRANJKARI (13YF) | C44: CES | D44: GEN_T_2.0.spik_1108 | E44: AND25750002265 | F44: SUNANDA FERTILITY CLINIC - KOLHAPUR | G44: 15-06-2025 | H44: 12 days | J44: VAMSHI | K44: 45820 | L44: PRATHEEBA | N44: CAH MLPA (MEDGENOME) | O44: 45695 | P44: Writeup available
A45: 24 | B45: MRS. SHAIK.KHALIDA KOUSER ( 31Y|F ) | C45: WES | D45: GEN_T_2.0.spik_1109 | E45: AND25480008852 | F45: SIDDHARTHA NURSING HOME (CC) - NELLORE | G45: 15-06-2025 | H45: 12 days | J45: VAMSHI | K45: 45830 | O45: 26-06-2025 | P45: Writeup available
A46: 25 | B46: PRAVIN PADWAL(33YF) AF | C46: WES | D46: GEN_T_2.0.spik_AF1090 | E46: AND25750001902 | F46: OJAS WOMEN'S SUPER SPECIALITY AND FERTILITY CENTRE - PUNE | G46: 45936 | H46: 7 days | L46: PRATHEEBA | O46: 45814 | P46: Writeup avaialble
A47: 26 | B47: MRS.HARITHA (27Y|F) | C47: Female Infertility NGS panel | D47: GEN_T_2.0.spik_1099 | E47: AND251R0003091 | F47: AIKYA FERTILITY AND RESEARCH CENTER - BANGALORE | G47: 14-06-2025 | H47: 11 days | O47: 27-06-2025
A48: 27 | B48: MR.CHETHAN K J (27Y|M) | C48: WES | D48: GEN_T_2.0.spik_1100 | E48: AND251R0003120 | F48: POORNA WOMEN AND CHILD CARE SPECIALITY CLINIC - BANGALORE | G48: 14-06-2025 | H48: 11 days | J48: DIKSHA | K48: 45817 | O48: 22/06/2025 | P48: Writeup Available
A49: 28 | B49: MR.UTHANU MALLAYAN (40YM) | C49: WES | D49: GEN_T_2.0.spik_1111 | E49: AND25360009419 | F49: DOPPLER SCAN - MADURAI | G49: 15-06-2025 | H49: 12 days | J49: VAMSHI | K49: 45817 | L49: NAVEEN | O49: 24-06-2025 | P49: Writeup available
A50: 29 | B50: MRS.NALANI W/O.SARAVANAN (35Y|F) AF | C50: WES | D50: GEN_T_2.0.spik_AF1113 | E50: AND25360009221 | F50: DOPPLER SCAN - MADURAI . | G50: 14-06-2025 | H50: 11 days | L50: PRATHEEBA | O50: 45967 | P50: Writeup available
A51: 30 | B51: MRS.SHIVANI(24YF) | C51: WES | D51: GEN_T_2.0.spik_1114 | E51: AND25100000824 | F51: DR.KANCHI KHURANA . | G51: 14-06-2025 | H51: 11 days | J51: DIKSHA | K51: 45817 | O51: 45997 | P51: Writeup available
A52: 31 | B52: MRS.KIRTI MACHAKANUR (22Y|F) - POC | C52: WES | D52: GEN_T_2.0.spik_1115 | E52: AND25910006285 | F52: Hubli Anderson | G52: 16-06-2025 | H52: 13 days | J52: VAMSHI | K52: 45822 | O52: 23/06/2024 | P52: Writeup avaialble
A53: 32 | B53: BABY.JESHWIN.C(1YM) | C53: WES | D53: GEN_T_2.0.spik_1116 | E53: AND25630000553 | F53: ADSL | G53: 16-06-2025 | H53: 13 days | O53: 24/06/2025 | P53: Writeup available
A55: SURFSeq - Run - 5 Lane - 02
A56: S.NO | B56: Sample_Name | C56: TEST | D56: GEN_ID | E56: Anderson Id | F56: Client | G56: TAT (30 days) | H56: Bioinfo Analysis time | J56: ANALYZE BY (DIKSHA/VAMSHI) | K56: ANALYZE DATE | L56: PRIMARY REVIWER (PRATHEEBA/NAVEEN) | M56: FINAL REVIEW | N56: REMARK | O56: REPORT RELEASE DATE | P56: History Writeup
A57: 1 | B57: BABY.SUSHANTH A(10YM) | C57: WES | D57: GEN_T_2.0.spik_1117 | E57: AND25630000554 | F57: ADSL | G57: 16-06-2025 | H57: 13 days | J57: VAMSHI | K57: 45820 | O57: 24/06/2025 | P57: Writeup available
A58: 2 | B58: MASTER.VISHNU DHARSHAN R(9YM) | C58: WES | D58: GEN_T_2.0.spik_1118 | E58: AND25030004194 | F58: DR.MUTHUKANI S. MD.,DM.,DNB.,PDF.,PDCC | G58: 16-06-2025 | H58: 13 days | J58: DIKSHA | K58: 18/06/2025 | O58: 24-06-2025 | P58: Writeup available
A59: 3 | B59: MRS.MYTHILI GOPINATH(25YF) | C59: WES | D59: GEN_T_2.0.spik_1119 | E59: AND25810004392 | F59: AROKYA WOMENS CENTER - SALEM | G59: 16-06-2025 | H59: 13 days | J59: VAMSHI | K59: 45818 | L59: NAVEEN | O59: 26-06-2025 | P59: Writeup available
A60: 4 | B60: MRS.NEERAJA G(25YF) - AF | C60: WES | D60: GEN_T_2.0.spik_AF1120 | E60: AND25020011850 | F60: DR.APOORVA PALLAM REDDY. . | G60: 16-06-2025 | H60: 13 days | J60: VAMSHI | K60: 45814 | L60: PRATHEEBA | O60: 45967 | P60: Writeup available
A61: 5 | B61: MRS.KARISHMA SHETTY(33YF) - POC | C61: Whole Exome Sequencing + 16 marker MCC As per ACMG guidelines | D61: GEN_T_2.0.spik_1121 | E61: AND251R0003307 | F61: PHOENIX WOMEN AND CARDIAC CENTER - BANGALORE | G61: 16-06-2025 | H61: 13 days | J61: DIKSHA | K61: 13/06/2025 | O61: 24-06-2025 | P61: Writeup available
A62: 6 | B62: MISS.SRI RAMA DEVI(9YF) | C62: WES | D62: GEN_T_2.0.spik_1122 | E62: AND25020012041 | F62: CHIEF MINISTERS COMPREHENSIVE HEALTH INSURANCE SCHEME | G62: 16-06-2025 | H62: 13 days | K62: 45818 | L62: NAVEEN | O62: 24/06/2025 | P62: Writeup available
A63: 7 | B63: MASTER.SAI RAM(10YM) | C63: WES | D63: GEN_T_2.0.spik_1123 | E63: AND25020012042 | F63: CHIEF MINISTERS COMPREHENSIVE HEALTH INSURANCE SCHEME | G63: 16-06-2025 | H63: 13 days | J63: DIKSHA | K63: 16/06/2025 | O63: 21-06-2025 | P63: Writeup available
A64: 8 | B64: GIRIJA(41Y/F) - Do WMGS also as written in TRF | C64: WES + WMGS | D64: GEN_T_2.0.spik_1124 | E64: AND25040000043 | F64: Dr.LAKSHMINARASIMHAN R MD.,DNB, (INT MED) , DM, DNB(NEURO).,FAAN.,FRCP(LONDON) | G64: 16-06-2025 | H64: 13 days | J64: VAMSHI | K64: 45822 | O64: 27-06-2025
A65: 9 | B65: MASTER.ARMAN(1YM) | C65: WES | D65: GEN_T_2.0.spik_1125 | E65: AND25100000831 | F65: DR.NAVEEN ........... | G65: 17-06-2025 | H65: 14 days | J65: DIKSHA | K65: 17/06/2025 | O65: 25-06-2025 | P65: Writeup available
A66: 10 | B66: MISS.NIVETHA(16YF) | C66: WES | D66: GEN_T_2.0.spik_1126 | E66: AND25020012413 | F66: CHIEF MINISTERS COMPREHENSIVE HEALTH INSURANCE SCHEME | G66: 18-06-2025 | H66: 15 days | J66: VAMSHI | K66: 45819 | O66: 24/06/2025 | P66: Writeup available
A67: 11 | B67: MRS.HARIDEVI (30YF) | C67: WES | D67: GEN_T_2.0.spik_1127 | E67: AND25380035811 | F67: GBR FERTILITY CLINIC - MUGAPPAIR WEST | G67: 18-06-2025 | H67: 15 days | J67: VAMSHI | K67: 45831 | O67: 26-05-2025 | P67: Writeup available
A68: 12 | B68: MR.SATHISH SHANMUGAM(38YM) | C68: WES | D68: GEN_T_2.0.spik_1128 | E68: AND25380035812 | F68: GBR FERTILITY CLINIC - MUGAPPAIR WEST | G68: 18-06-2025 | H68: 15 days | J68: VAMSHI | K68: 45831 | O68: 26-05-2025
A69: 13 | B69: MASTER.THOUSIK(15YM) | C69: WES | D69: GEN_T_2.0.spik_1129 | E69: AND25060001989 | F69: DR.SURESH C T . | G69: 19-06-2025 | H69: 16 days | J69: VAMSHI | K69: 45820 | L69: NAVEEN | O69: 20-06-2025 | P69: Writeup available
A70: 14 | B70: MASTER.HAMZA ABBAS T(8YM) | C70: WES | D70: GEN_T_2.0.spik_1130 | E70: AND25540000141 | F70: DR.SUDHA RATHNA PRABHU MBBS,DNB,PHD | G70: 20-06-2025 | H70: 17 days | J70: VAMSHI | K70: 45819 | N70: Dr. SRP review waiting | O70: 21/06/2025 | P70: Writeup available
A71: 15 | B71: MRS.NIHARIKA YADAV (33Y|F) | C71: Female Infertility NGS panel | D71: GEN_T_2.0.spik_1131 | E71: AND251R0003556 | F71: AIKYA FERTILITY AND RESEARCH CENTER - BANGALORE | G71: 21-06-2025 | H71: 18 days | J71: PRATHEEBA | K71: 45819 | O71: 28-06-2025
A72: 16 | B72: MRS.MARYAM SOMJEE (25YF) - POC | C72: WES | D72: GEN_T_2.0.spik_1134 | E72: AND25750002340 | F72: KIDS CLINIC INDIA LIMITED - KALYANI NAGAR - PUNE | G72: 18-06-2025 | H72: 15 days | J72: VAMSHI | K72: 45819 | O72: 24/06/2025 | P72: Writeup available
A73: 17 | B73: BABY.ZUNAIRAH ZEESHAN3M(F) | C73: WES + WMGS | D73: GEN_T_2.0.spik_1141 | E73: AND25020013198 | F73: DR.ABDUL AHAD MBBS(OSMANIA),MD,PEDIATRICS | G73: 22-06-2025 | H73: 19 days | J73: VAMSHI | K73: 45827 | O73: 21-06-2025 | P73: Writeup available
A74: 18 | B74: MRS.YATA MANEESHA W/O. DOTI SURESH - (HEG M034787)(26YF) | C74: ADVAT Focus carrier screening - NGS | D74: GEN_T_2.0.spik_1142 | E74: AND25420001040 | F74: HEGDE HEALTHCARE PVT LTD | G74: 23-06-2025 | H74: 20 days | J74: VAMSHI | K74: 45831 | O74: 30-06-2025
A75: 19 | B75: MR.DOTI. SURESH - (HEG M034787)(30YM) | C75: ADVAT Focus carrier screening - NGS | D75: GEN_T_2.0.spik_1143 | E75: AND25420001041 | F75: HEGDE HEALTHCARE PVT LTD | G75: 23-06-2025 | H75: 20 days | J75: VAMSHI | K75: 45831 | O75: 30-06-2025
A76: 20 | B76: MR.HARIKRISHNAN(32YM) | C76: WES | D76: GEN_T_2.0.spik_1144 | E76: AND25150017969 | F76: DR.DEVAPRASAD M MBBS., DNB(GEN MED).,DNB(NEURO).,PHD | G76: 22-06-2025 | H76: 19 days | J76: DIKSHA | K76: 17/06/2025 | O76: 28-06-2025 | P76: Writeup available
A77: 21 | B77: MRS.SELVAMANI (112760)(35YM) | C77: WES | D77: GEN_T_2.0.spik_1145 | E77: AND25990009182 | F77: SUMATHI HOSPITAL VILUPPURAM | G77: 23-06-2025 | H77: 20 days | J77: DIKSHA | K77: 25/06/2025 | O77: 30-05-2025
A78: 22 | B78: MS.CHI-1(0YO) | C78: WES | D78: GEN_T_2.0.spik_1149 | E78: AND25380040012 | F78: CHRISTIAN MEDICAL COLLEGE - VELLORE | G78: 25-06-2025 | H78: 22 days | J78: DIKSHA | K78: 45967 | O78: 45827
A79: 23 | B79: MS.CHI-4(0YO) | C79: WES | D79: GEN_T_2.0.spik_1150 | E79: AND25380040013 | F79: CHRISTIAN MEDICAL COLLEGE - VELLORE | G79: 25-06-2025 | H79: 22 days | J79: DIKSHA | K79: 45967 | O79: 45827
A80: 24 | B80: MS.CHI-6(0YO) | C80: WES | D80: GEN_T_2.0.spik_1151 | E80: AND25380040014 | F80: CHRISTIAN MEDICAL COLLEGE - VELLORE | G80: 25-06-2025 | H80: 22 days | J80: DIKSHA | K80: 45967 | O80: 45827
A81: 25 | B81: MS.CHI-7(0YO) | C81: WES | D81: GEN_T_2.0.spik_1152 | E81: AND25380040015 | F81: CHRISTIAN MEDICAL COLLEGE - VELLORE | G81: 25-06-2025 | H81: 22 days | J81: DIKSHA | K81: 45967 | O81: 45827
A82: 26 | B82: MS.CHI-9(0YO) | C82: WES | D82: GEN_T_2.0.spik_1153 | E82: AND25380040016 | F82: CHRISTIAN MEDICAL COLLEGE - VELLORE | G82: 25-06-2025 | H82: 22 days | J82: DIKSHA | K82: 45997 | O82: 45827
A83: 27 | B83: MS.CHI-10(0YO) | C83: WES | D83: GEN_T_2.0.spik_1154 | E83: AND25380040017 | F83: CHRISTIAN MEDICAL COLLEGE - VELLORE | G83: 25-06-2025 | H83: 22 days | J83: DIKSHA | K83: 45997 | O83: 45827
A84: 28 | B84: MS.CHI-11(0YO) | C84: WES | D84: GEN_T_2.0.spik_1156 | E84: AND25380040019 | F84: CHRISTIAN MEDICAL COLLEGE - VELLORE | G84: 25-06-2025 | H84: 22 days | J84: DIKSHA | K84: 45997 | O84: 45827
A85: 29 | B85: MS.CHI-12(0YO) | C85: WES | D85: GEN_T_2.0.spik_1157 | E85: AND25380040020 | F85: CHRISTIAN MEDICAL COLLEGE - VELLORE | G85: 25-06-2025 | H85: 22 days | J85: DIKSHA | K85: 45967 | O85: 45827
A86: 30 | B86: MS.CHI-13(0YO) | C86: WES | D86: GEN_T_2.0.spik_1158 | E86: AND25380040021 | F86: CHRISTIAN MEDICAL COLLEGE - VELLORE | G86: 25-06-2025 | H86: 22 days | J86: DIKSHA | K86: 45967 | O86: 45827
A87: 31 | B87: MS.CHI-14(0YO) | C87: WES | D87: GEN_T_2.0.spik_1159 | E87: AND25380040022 | F87: CHRISTIAN MEDICAL COLLEGE - VELLORE | G87: 25-06-2025 | H87: 22 days | J87: DIKSHA | K87: 45967 | O87: 45827
A88: 32 | B88: MS.CHI-16(0YO) | C88: WES | D88: GEN_T_2.0.spik_1160 | E88: AND25380040023 | F88: CHRISTIAN MEDICAL COLLEGE - VELLORE | G88: 25-06-2025 | H88: 22 days | J88: DIKSHA | K88: 45967 | O88: 45827
O89: 45827
A90: SURFSeq - Run - 5 Lane - 03
A91: S.NO | B91: Sample_Name | C91: TEST | D91: GEN_ID | E91: Anderson Id | F91: Client | G91: TAT (30 days) | H91: Bioinfo Analysis time | J91: ANALYZE BY (DIKSHA/VAMSHI) | K91: ANALYZE DATE | L91: PRIMARY REVIWER (PRATHEEBA/NAVEEN) | M91: FINAL REVIEW | N91: REMARK | O91: REPORT RELEASE DATE | P91: History writeup
A92: 1 | B92: MR.SAI SIVA BALAJI P (30Y|M) | C92: WES | D92: GEN_T_2.0.spik_1132 | E92: AND251H0000872 | F92: A ONE HOSPITAL & IVF CLINIC- SRIKAKULAM | G92: 20-06-2025 | H92: 17 days | J92: VAMSHI | K92: 25/06/2025 | L92: PRATHEEBA | O92: 45723 | P92: Writeup available
A93: 2 | B93: MRS. SANDHYA RANI K ( 30Y|F ) | C93: WES | D93: GEN_T_2.0.spik_1133 | E93: AND251H0000871 | F93: A ONE HOSPITAL & IVF CLINIC- SRIKAKULAM | G93: 20-06-2025 | H93: 17 days | J93: VAMSHI | K93: 25/06/2025 | L93: PRATHEEBA | O93: 45723 | P93: Writeup available
A94: 3 | B94: MRS.CHANDANI AGRAWAL(30YF) - AF | C94: WES | D94: GEN_T_2.0.spik_AF1135 | E94: AND25AE0000097 | F94: DR. D PANKAR BANERJI – JABALPUR | G94: - | H94: - | L94: PRATHEEBA | O94: 45967 | P94: Writeup available
A95: 4 | B95: MRS.JAGRATI SINGH RAJAWATI(27YF) - AF | C95: WES | D95: GEN_T_2.0.spik_AF1136 | E95: AND25AE0000099 | F95: DR. D PANKAR BANERJI – JABALPUR | G95: - | H95: - | L95: PRATHEEBA | O95: 45936
A96: 5 | B96: BABY.THANVIKA S.B(5YF) | C96: WES | D96: GEN_T_2.0.spik_1137 | E96: AND25410005431 | F96: GERDI GUTPERLE AGASTHIYARMUNI CHILD CARE CENTRE (GGAMCCC) - NAGERCOIL | G96: 21-06-2025 | H96: 18 days | J96: DIKSHA | K96: 16/06/2025 | O96: 21-06-2025
A97: 6 | B97: BABY.AADRIKA PANDEY(5YF) | C97: WES | D97: GEN_T_2.0.spik_1138 | E97: AND25AE0000100 | F97: DR. D PANKAR BANERJI – JABALPUR | G97: 22-06-2025 | H97: 19 days | J97: VAMSHI | K97: 45821 | O97: 25-06-2025
A98: 7 | B98: MRS.SEETHALAKSHMI(29YF) | C98: WES | D98: GEN_T_2.0.spik_1140 | E98: AND25400007759 | F98: SUCCESS CLINICAL LAB - TENKASI | G98: 21-06-2025 | H98: 18 days | O98: 09.07.2025 | P98: Not availble
A99: 8 | B99: MRS.MAMATHA (26YF) - POC | C99: WES + 16 marker MCC As per ACMG guidelines | D99: GEN_T_2.0.spik_1183 | E99: AND251R0003618 | F99: ADHIKAR MATERNITY AND INFERTILITY CLINIC - HARAPANAHALLI | G99: 22-06-2025 | H99: 19 days | J99: VAMSHI | K99: 45822 | O99: 28-06-2025
A100: 9 | B100: MRS.KRISHNAVENI(28YF) | C100: WES | D100: GEN_T_2.0.spik_1184 | E100: AND251R0003804 | F100: DR.MANOJ SRINIVASA . | G100: 24-06-2025 | H100: 21 days | J100: VAMSHI | K100: 45831 | O100: 45695
A101: 9 | B101: MR.ASHOK(35YM) | C101: WES | D101: GEN_T_2.0.spik_1185 | E101: AND251R0003805 | F101: DR.MANOJ SRINIVASA . | G101: 24-06-2025 | H101: 21 days | J101: VAMSHI | K101: 45831 | O101: 45695
A102: 11 | B102: MS.CHI-19(0YO) | C102: WES | D102: GEN_T_2.0.spik_1161 | E102: AND25380040024 | F102: CHRISTIAN MEDICAL COLLEGE - VELLORE | G102: 25-06-2025 | H102: 22 days | J102: DIKSHA | K102: 45967 | O102: 45827
A103: 12 | B103: MS.CHI-21(0YO) | C103: WES | D103: GEN_T_2.0.spik_1162 | E103: AND25380040025 | F103: CHRISTIAN MEDICAL COLLEGE - VELLORE | G103: 25-06-2025 | H103: 22 days | J103: DIKSHA | K103: 45997 | O103: 45827
A104: 13 | B104: MS.CHI-24(0YO) | C104: WES | D104: GEN_T_2.0.spik_1163 | E104: AND25380040026 | F104: CHRISTIAN MEDICAL COLLEGE - VELLORE | G104: 25-06-2025 | H104: 22 days | J104: DIKSHA | K104: 45997 | O104: 45827
A105: 14 | B105: MS.CHI-35(0YO) | C105: WES | D105: GEN_T_2.0.spik_1164 | E105: AND25380040027 | F105: CHRISTIAN MEDICAL COLLEGE - VELLORE | G105: 25-06-2025 | H105: 22 days | J105: DIKSHA | K105: 45997 | O105: 45827
...

Sheet TAT_HELPER
A1: =IFERROR(__xludf.DUMMYFUNCTION("{IMPORTRANGE(""1VtZVtwNEQ1lYZ8oSh9K6KBuaAtjNhASA7BRnHiq7nkE"",""JANUARY!G2:J"");IMPORTRANGE(""1VtZVtwNEQ1lYZ8oSh9K6KBuaAtjNhASA7BRnHiq7nkE"",""FEBRUARY!G2:J"");IMPORTRANGE(""1VtZVtwNEQ1lYZ8oSh9K6KBuaAtjNhASA7BRnHiq7nkE"",""MARCH!G2:J"");IMPORTRANGE(""1VtZ"&"VtwNEQ1lYZ8oSh9K6KBuaAtjNhASA7BRnHiq7nkE"",""APRIL!G2:J"");IMPORTRANGE(""1VtZVtwNEQ1lYZ8oSh9K6KBuaAtjNhASA7BRnHiq7nkE"",""MAY!G2:J"");IMPORTRANGE(""1VtZVtwNEQ1lYZ8oSh9K6KBuaAtjNhASA7BRnHiq7nkE"",""JUNE!G2:J"");IMPORTRANGE(""1VtZVtwNEQ1lYZ8oSh9K6KBuaAtjNhA"&"SA7BRnHiq7nkE"",""JULY!G2:J"")}"),"ANDERSON ID") -> ANDERSON ID | B1: =IFERROR(__xludf.DUMMYFUNCTION("""COMPUTED_VALUE"""),"CATEGORY") -> CATEGORY | C1: =IFERROR(__xludf.DUMMYFUNCTION("""COMPUTED_VALUE"""),"RAW DATA RECEIVED") -> RAW DATA RECEIVED | D1: =IFERROR(__xludf.DUMMYFUNCTION("""COMPUTED_VALUE"""),"ANDERSON TAT") -> ANDERSON TAT
A2: =IFERROR(__xludf.DUMMYFUNCTION("""COMPUTED_VALUE"""),"AND25020063505") -> AND25020063505 | B2: =IFERROR(__xludf.DUMMYFUNCTION("""COMPUTED_VALUE"""),"WES+WMGS") -> WES+WMGS | C2: =IFERROR(__xludf.DUMMYFUNCTION("""COMPUTED_VALUE"""),46031.0) -> 46031 | D2: =IFERROR(__xludf.DUMMYFUNCTION("""COMPUTED_VALUE"""),46054.0) -> 46054
A3: =IFERROR(__xludf.DUMMYFUNCTION("""COMPUTED_VALUE"""),"AND25020063507") -> AND25020063507 | B3: =IFERROR(__xludf.DUMMYFUNCTION("""COMPUTED_VALUE"""),"WES+WMGS") -> WES+WMGS | C3: =IFERROR(__xludf.DUMMYFUNCTION("""COMPUTED_VALUE"""),46031.0) -> 46031 | D3: =IFERROR(__xludf.DUMMYFUNCTION("""COMPUTED_VALUE"""),46054.0) -> 46054
A4: =IFERROR(__xludf.DUMMYFUNCTION("""COMPUTED_VALUE"""),"AND25410032666") -> AND25410032666 | B4: =IFERROR(__xludf.DUMMYFUNCTION("""COMPUTED_VALUE"""),"WES+WMGS") -> WES+WMGS | C4: =IFERROR(__xludf.DUMMYFUNCTION("""COMPUTED_VALUE"""),46031.0) -> 46031 | D4: =IFERROR(__xludf.DUMMYFUNCTION("""COMPUTED_VALUE"""),46053.0) -> 46053
A5: =IFERROR(__xludf.DUMMYFUNCTION("""COMPUTED_VALUE"""),"ADB0000018249") -> ADB0000018249 | B5: =IFERROR(__xludf.DUMMYFUNCTION("""COMPUTED_VALUE"""),"WES") -> WES | C5: =IFERROR(__xludf.DUMMYFUNCTION("""COMPUTED_VALUE"""),46031.0) -> 46031 | D5: =IFERROR(__xludf.DUMMYFUNCTION("""COMPUTED_VALUE"""),46054.0) -> 46054
A6: =IFERROR(__xludf.DUMMYFUNCTION("""COMPUTED_VALUE"""),"ADB0000018250") -> ADB0000018250 | B6: =IFERROR(__xludf.DUMMYFUNCTION("""COMPUTED_VALUE"""),"WES") -> WES | C6: =IFERROR(__xludf.DUMMYFUNCTION("""COMPUTED_VALUE"""),46031.0) -> 46031 | D6: =IFERROR(__xludf.DUMMYFUNCTION("""COMPUTED_VALUE"""),46054.0) -> 46054
A7: =IFERROR(__xludf.DUMMYFUNCTION("""COMPUTED_VALUE"""),"ADB0000018299") -> ADB0000018299 | B7: =IFERROR(__xludf.DUMMYFUNCTION("""COMPUTED_VALUE"""),"WES") -> WES | C7: =IFERROR(__xludf.DUMMYFUNCTION("""COMPUTED_VALUE"""),46031.0) -> 46031 | D7: =IFERROR(__xludf.DUMMYFUNCTION("""COMPUTED_VALUE"""),46054.0) -> 46054
A8: =IFERROR(__xludf.DUMMYFUNCTION("""COMPUTED_VALUE"""),"DCC0000001985") -> DCC0000001985 | B8: =IFERROR(__xludf.DUMMYFUNCTION("""COMPUTED_VALUE"""),"WES") -> WES | C8: =IFERROR(__xludf.DUMMYFUNCTION("""COMPUTED_VALUE"""),46031.0) -> 46031 | D8: =IFERROR(__xludf.DUMMYFUNCTION("""COMPUTED_VALUE"""),46054.0) -> 46054
A9: =IFERROR(__xludf.DUMMYFUNCTION("""COMPUTED_VALUE"""),"AND25630004223") -> AND25630004223 | B9: =IFERROR(__xludf.DUMMYFUNCTION("""COMPUTED_VALUE"""),"WES") -> WES | C9: =IFERROR(__xludf.DUMMYFUNCTION("""COMPUTED_VALUE"""),46031.0) -> 46031 | D9: =IFERROR(__xludf.DUMMYFUNCTION("""COMPUTED_VALUE"""),46045.0) -> 46045
A10: =IFERROR(__xludf.DUMMYFUNCTION("""COMPUTED_VALUE"""),"AND25630004224") -> AND25630004224 | B10: =IFERROR(__xludf.DUMMYFUNCTION("""COMPUTED_VALUE"""),"WES") -> WES | C10: =IFERROR(__xludf.DUMMYFUNCTION("""COMPUTED_VALUE"""),46031.0) -> 46031 | D10: =IFERROR(__xludf.DUMMYFUNCTION("""COMPUTED_VALUE"""),46045.0) -> 46045
A11: =IFERROR(__xludf.DUMMYFUNCTION("""COMPUTED_VALUE"""),"AND25630004225") -> AND25630004225 | B11: =IFERROR(__xludf.DUMMYFUNCTION("""COMPUTED_VALUE"""),"WES") -> WES | C11: =IFERROR(__xludf.DUMMYFUNCTION("""COMPUTED_VALUE"""),46031.0) -> 46031 | D11: =IFERROR(__xludf.DUMMYFUNCTION("""COMPUTED_VALUE"""),46045.0) -> 46045
A12: =IFERROR(__xludf.DUMMYFUNCTION("""COMPUTED_VALUE"""),"AND25630004226") -> AND25630004226 | B12: =IFERROR(__xludf.DUMMYFUNCTION("""COMPUTED_VALUE"""),"WES") -> WES | C12: =IFERROR(__xludf.DUMMYFUNCTION("""COMPUTED_VALUE"""),46031.0) -> 46031 | D12: =IFERROR(__xludf.DUMMYFUNCTION("""COMPUTED_VALUE"""),46045.0) -> 46045
A13: =IFERROR(__xludf.DUMMYFUNCTION("""COMPUTED_VALUE"""),"AND25630004227") -> AND25630004227 | B13: =IFERROR(__xludf.DUMMYFUNCTION("""COMPUTED_VALUE"""),"WES") -> WES | C13: =IFERROR(__xludf.DUMMYFUNCTION("""COMPUTED_VALUE"""),46031.0) -> 46031 | D13: =IFERROR(__xludf.DUMMYFUNCTION("""COMPUTED_VALUE"""),46045.0) -> 46045
A14: =IFERROR(__xludf.DUMMYFUNCTION("""COMPUTED_VALUE"""),"AND25630004228") -> AND25630004228 | B14: =IFERROR(__xludf.DUMMYFUNCTION("""COMPUTED_VALUE"""),"WES") -> WES | C14: =IFERROR(__xludf.DUMMYFUNCTION("""COMPUTED_VALUE"""),46031.0) -> 46031 | D14: =IFERROR(__xludf.DUMMYFUNCTION("""COMPUTED_VALUE"""),46045.0) -> 46045
A15: =IFERROR(__xludf.DUMMYFUNCTION("""COMPUTED_VALUE"""),"AND25630004229") -> AND25630004229 | B15: =IFERROR(__xludf.DUMMYFUNCTION("""COMPUTED_VALUE"""),"WES") -> WES | C15: =IFERROR(__xludf.DUMMYFUNCTION("""COMPUTED_VALUE"""),46031.0) -> 46031 | D15: =IFERROR(__xludf.DUMMYFUNCTION("""COMPUTED_VALUE"""),46045.0) -> 46045
A16: =IFERROR(__xludf.DUMMYFUNCTION("""COMPUTED_VALUE"""),"AND25630004230") -> AND25630004230 | B16: =IFERROR(__xludf.DUMMYFUNCTION("""COMPUTED_VALUE"""),"WES") -> WES | C16: =IFERROR(__xludf.DUMMYFUNCTION("""COMPUTED_VALUE"""),46031.0) -> 46031 | D16: =IFERROR(__xludf.DUMMYFUNCTION("""COMPUTED_VALUE"""),46045.0) -> 46045
A17: =IFERROR(__xludf.DUMMYFUNCTION("""COMPUTED_VALUE"""),"AND25630004231") -> AND25630004231 | B17: =IFERROR(__xludf.DUMMYFUNCTION("""COMPUTED_VALUE"""),"WES") -> WES | C17: =IFERROR(__xludf.DUMMYFUNCTION("""COMPUTED_VALUE"""),46031.0) -> 46031 | D17: =IFERROR(__xludf.DUMMYFUNCTION("""COMPUTED_VALUE"""),46045.0) -> 46045
A18: =IFERROR(__xludf.DUMMYFUNCTION("""COMPUTED_VALUE"""),"AND25630004216") -> AND25630004216 | B18: =IFERROR(__xludf.DUMMYFUNCTION("""COMPUTED_VALUE"""),"WES+WMGS") -> WES+WMGS | C18: =IFERROR(__xludf.DUMMYFUNCTION("""COMPUTED_VALUE"""),46031.0) -> 46031 | D18: =IFERROR(__xludf.DUMMYFUNCTION("""COMPUTED_VALUE"""),46045.0) -> 46045
A19: =IFERROR(__xludf.DUMMYFUNCTION("""COMPUTED_VALUE"""),"AND25630004212") -> AND25630004212 | B19: =IFERROR(__xludf.DUMMYFUNCTION("""COMPUTED_VALUE"""),"WES") -> WES | C19: =IFERROR(__xludf.DUMMYFUNCTION("""COMPUTED_VALUE"""),46031.0) -> 46031 | D19: =IFERROR(__xludf.DUMMYFUNCTION("""COMPUTED_VALUE"""),46046.0) -> 46046
A20: =IFERROR(__xludf.DUMMYFUNCTION("""COMPUTED_VALUE"""),"AND25630004213") -> AND25630004213 | B20: =IFERROR(__xludf.DUMMYFUNCTION("""COMPUTED_VALUE"""),"WES") -> WES | C20: =IFERROR(__xludf.DUMMYFUNCTION("""COMPUTED_VALUE"""),46031.0) -> 46031 | D20: =IFERROR(__xludf.DUMMYFUNCTION("""COMPUTED_VALUE"""),46046.0) -> 46046
A21: =IFERROR(__xludf.DUMMYFUNCTION("""COMPUTED_VALUE"""),"AND25630004214") -> AND25630004214 | B21: =IFERROR(__xludf.DUMMYFUNCTION("""COMPUTED_VALUE"""),"WES") -> WES | C21: =IFERROR(__xludf.DUMMYFUNCTION("""COMPUTED_VALUE"""),46031.0) -> 46031 | D21: =IFERROR(__xludf.DUMMYFUNCTION("""COMPUTED_VALUE"""),46046.0) -> 46046
A22: =IFERROR(__xludf.DUMMYFUNCTION("""COMPUTED_VALUE"""),"AND25630004215") -> AND25630004215 | B22: =IFERROR(__xludf.DUMMYFUNCTION("""COMPUTED_VALUE"""),"WES") -> WES | C22: =IFERROR(__xludf.DUMMYFUNCTION("""COMPUTED_VALUE"""),46031.0) -> 46031 | D22: =IFERROR(__xludf.DUMMYFUNCTION("""COMPUTED_VALUE"""),46046.0) -> 46046
A23: =IFERROR(__xludf.DUMMYFUNCTION("""COMPUTED_VALUE"""),"AND25630004217") -> AND25630004217 | B23: =IFERROR(__xludf.DUMMYFUNCTION("""COMPUTED_VALUE"""),"WES") -> WES | C23: =IFERROR(__xludf.DUMMYFUNCTION("""COMPUTED_VALUE"""),46031.0) -> 46031 | D23: =IFERROR(__xludf.DUMMYFUNCTION("""COMPUTED_VALUE"""),46046.0) -> 46046
A24: =IFERROR(__xludf.DUMMYFUNCTION("""COMPUTED_VALUE"""),"ADB0000018649") -> ADB0000018649 | B24: =IFERROR(__xludf.DUMMYFUNCTION("""COMPUTED_VALUE"""),"WES") -> WES | C24: =IFERROR(__xludf.DUMMYFUNCTION("""COMPUTED_VALUE"""),46031.0) -> 46031 | D24: =IFERROR(__xludf.DUMMYFUNCTION("""COMPUTED_VALUE"""),46056.0) -> 46056
A25: =IFERROR(__xludf.DUMMYFUNCTION("""COMPUTED_VALUE"""),"ADH0000007463") -> ADH0000007463 | B25: =IFERROR(__xludf.DUMMYFUNCTION("""COMPUTED_VALUE"""),"WES") -> WES | C25: =IFERROR(__xludf.DUMMYFUNCTION("""COMPUTED_VALUE"""),46031.0) -> 46031 | D25: =IFERROR(__xludf.DUMMYFUNCTION("""COMPUTED_VALUE"""),46053.0) -> 46053
A26: =IFERROR(__xludf.DUMMYFUNCTION("""COMPUTED_VALUE"""),"ADB0000018103") -> ADB0000018103 | B26: =IFERROR(__xludf.DUMMYFUNCTION("""COMPUTED_VALUE"""),"SINGLE GENE – FULL GENE SEQUENCING BY NGS") -> SINGLE GENE – FULL GENE SEQUENCING BY NGS | C26: =IFERROR(__xludf.DUMMYFUNCTION("""COMPUTED_VALUE"""),46031.0) -> 46031 | D26: =IFERROR(__xludf.DUMMYFUNCTION("""COMPUTED_VALUE"""),46054.0) -> 46054
A27: =IFERROR(__xludf.DUMMYFUNCTION("""COMPUTED_VALUE"""),"ADB0000018232") -> ADB0000018232 | B27: =IFERROR(__xludf.DUMMYFUNCTION("""COMPUTED_VALUE"""),"FEMALE INFERTILITY NGS PANEL") -> FEMALE INFERTILITY NGS PANEL | C27: =IFERROR(__xludf.DUMMYFUNCTION("""COMPUTED_VALUE"""),46031.0) -> 46031 | D27: =IFERROR(__xludf.DUMMYFUNCTION("""COMPUTED_VALUE"""),46055.0) -> 46055
A28: =IFERROR(__xludf.DUMMYFUNCTION("""COMPUTED_VALUE"""),"ADB0000018205") -> ADB0000018205 | B28: =IFERROR(__xludf.DUMMYFUNCTION("""COMPUTED_VALUE"""),"FEMALE INFERTILITY NGS PANEL") -> FEMALE INFERTILITY NGS PANEL | C28: =IFERROR(__xludf.DUMMYFUNCTION("""COMPUTED_VALUE"""),46031.0) -> 46031 | D28: =IFERROR(__xludf.DUMMYFUNCTION("""COMPUTED_VALUE"""),46055.0) -> 46055
A29: =IFERROR(__xludf.DUMMYFUNCTION("""COMPUTED_VALUE"""),"DCC0000002044") -> DCC0000002044 | B29: =IFERROR(__xludf.DUMMYFUNCTION("""COMPUTED_VALUE"""),"WES") -> WES | C29: =IFERROR(__xludf.DUMMYFUNCTION("""COMPUTED_VALUE"""),46031.0) -> 46031 | D29: =IFERROR(__xludf.DUMMYFUNCTION("""COMPUTED_VALUE"""),30.0) -> 30
A30: =IFERROR(__xludf.DUMMYFUNCTION("""COMPUTED_VALUE"""),"AND25720033575") -> AND25720033575 | B30: =IFERROR(__xludf.DUMMYFUNCTION("""COMPUTED_VALUE"""),"WES") -> WES | C30: =IFERROR(__xludf.DUMMYFUNCTION("""COMPUTED_VALUE"""),46031.0) -> 46031 | D30: =IFERROR(__xludf.DUMMYFUNCTION("""COMPUTED_VALUE"""),46056.0) -> 46056
A31: =IFERROR(__xludf.DUMMYFUNCTION("""COMPUTED_VALUE"""),"AND25720033393") -> AND25720033393 | B31: =IFERROR(__xludf.DUMMYFUNCTION("""COMPUTED_VALUE"""),"FEMALE INFERTILITY NGS PANEL") -> FEMALE INFERTILITY NGS PANEL | C31: =IFERROR(__xludf.DUMMYFUNCTION("""COMPUTED_VALUE"""),46031.0) -> 46031 | D31: =IFERROR(__xludf.DUMMYFUNCTION("""COMPUTED_VALUE"""),30.0) -> 30
A32: =IFERROR(__xludf.DUMMYFUNCTION("""COMPUTED_VALUE"""),"AND25020063950") -> AND25020063950 | B32: =IFERROR(__xludf.DUMMYFUNCTION("""COMPUTED_VALUE"""),"WES+WMGS") -> WES+WMGS | C32: =IFERROR(__xludf.DUMMYFUNCTION("""COMPUTED_VALUE"""),46034.0) -> 46034 | D32: =IFERROR(__xludf.DUMMYFUNCTION("""COMPUTED_VALUE"""),46057.0) -> 46057
A33: =IFERROR(__xludf.DUMMYFUNCTION("""COMPUTED_VALUE"""),"AND25020063725") -> AND25020063725 | B33: =IFERROR(__xludf.DUMMYFUNCTION("""COMPUTED_VALUE"""),"WES+WMGS") -> WES+WMGS | C33: =IFERROR(__xludf.DUMMYFUNCTION("""COMPUTED_VALUE"""),46034.0) -> 46034 | D33: =IFERROR(__xludf.DUMMYFUNCTION("""COMPUTED_VALUE"""),46055.0) -> 46055
A34: =IFERROR(__xludf.DUMMYFUNCTION("""COMPUTED_VALUE"""),"DCC0000002016") -> DCC0000002016 | B34: =IFERROR(__xludf.DUMMYFUNCTION("""COMPUTED_VALUE"""),"WES+WMGS") -> WES+WMGS | C34: =IFERROR(__xludf.DUMMYFUNCTION("""COMPUTED_VALUE"""),46034.0) -> 46034 | D34: =IFERROR(__xludf.DUMMYFUNCTION("""COMPUTED_VALUE"""),46055.0) -> 46055
A35: =IFERROR(__xludf.DUMMYFUNCTION("""COMPUTED_VALUE"""),"AND25020063606") -> AND25020063606 | B35: =IFERROR(__xludf.DUMMYFUNCTION("""COMPUTED_VALUE"""),"WES+WMGS") -> WES+WMGS | C35: =IFERROR(__xludf.DUMMYFUNCTION("""COMPUTED_VALUE"""),46034.0) -> 46034 | D35: =IFERROR(__xludf.DUMMYFUNCTION("""COMPUTED_VALUE"""),46055.0) -> 46055
A36: =IFERROR(__xludf.DUMMYFUNCTION("""COMPUTED_VALUE"""),"ADH0000007784") -> ADH0000007784 | B36: =IFERROR(__xludf.DUMMYFUNCTION("""COMPUTED_VALUE"""),"WES") -> WES | C36: =IFERROR(__xludf.DUMMYFUNCTION("""COMPUTED_VALUE"""),46034.0) -> 46034 | D36: =IFERROR(__xludf.DUMMYFUNCTION("""COMPUTED_VALUE"""),46055.0) -> 46055
A37: =IFERROR(__xludf.DUMMYFUNCTION("""COMPUTED_VALUE"""),"ADH0000008175") -> ADH0000008175 | B37: =IFERROR(__xludf.DUMMYFUNCTION("""COMPUTED_VALUE"""),"WES") -> WES | C37: =IFERROR(__xludf.DUMMYFUNCTION("""COMPUTED_VALUE"""),46034.0) -> 46034 | D37: =IFERROR(__xludf.DUMMYFUNCTION("""COMPUTED_VALUE"""),46057.0) -> 46057
A38: =IFERROR(__xludf.DUMMYFUNCTION("""COMPUTED_VALUE"""),"ADH0000008176") -> ADH0000008176 | B38: =IFERROR(__xludf.DUMMYFUNCTION("""COMPUTED_VALUE"""),"WES") -> WES | C38: =IFERROR(__xludf.DUMMYFUNCTION("""COMPUTED_VALUE"""),46034.0) -> 46034 | D38: =IFERROR(__xludf.DUMMYFUNCTION("""COMPUTED_VALUE"""),46057.0) -> 46057
A39: =IFERROR(__xludf.DUMMYFUNCTION("""COMPUTED_VALUE"""),"ADH0000008177") -> ADH0000008177 | B39: =IFERROR(__xludf.DUMMYFUNCTION("""COMPUTED_VALUE"""),"WES") -> WES | C39: =IFERROR(__xludf.DUMMYFUNCTION("""COMPUTED_VALUE"""),46034.0) -> 46034 | D39: =IFERROR(__xludf.DUMMYFUNCTION("""COMPUTED_VALUE"""),46057.0) -> 46057
A40: =IFERROR(__xludf.DUMMYFUNCTION("""COMPUTED_VALUE"""),"ADB0000018581") -> ADB0000018581 | B40: =IFERROR(__xludf.DUMMYFUNCTION("""COMPUTED_VALUE"""),"FEMALE INFERTILITY NGS PANEL") -> FEMALE INFERTILITY NGS PANEL | C40: =IFERROR(__xludf.DUMMYFUNCTION("""COMPUTED_VALUE"""),46034.0) -> 46034 | D40: =IFERROR(__xludf.DUMMYFUNCTION("""COMPUTED_VALUE"""),46058.0) -> 46058
A41: =IFERROR(__xludf.DUMMYFUNCTION("""COMPUTED_VALUE"""),"AND25030018706") -> AND25030018706 | B41: =IFERROR(__xludf.DUMMYFUNCTION("""COMPUTED_VALUE"""),"WES") -> WES | C41: =IFERROR(__xludf.DUMMYFUNCTION("""COMPUTED_VALUE"""),46034.0) -> 46034 | D41: =IFERROR(__xludf.DUMMYFUNCTION("""COMPUTED_VALUE"""),46058.0) -> 46058
A42: =IFERROR(__xludf.DUMMYFUNCTION("""COMPUTED_VALUE"""),"AND25020064002") -> AND25020064002 | B42: =IFERROR(__xludf.DUMMYFUNCTION("""COMPUTED_VALUE"""),"WES") -> WES | C42: =IFERROR(__xludf.DUMMYFUNCTION("""COMPUTED_VALUE"""),46034.0) -> 46034 | D42: =IFERROR(__xludf.DUMMYFUNCTION("""COMPUTED_VALUE"""),46058.0) -> 46058
A43: =IFERROR(__xludf.DUMMYFUNCTION("""COMPUTED_VALUE"""),"AND25020064003") -> AND25020064003 | B43: =IFERROR(__xludf.DUMMYFUNCTION("""COMPUTED_VALUE"""),"WES") -> WES | C43: =IFERROR(__xludf.DUMMYFUNCTION("""COMPUTED_VALUE"""),46034.0) -> 46034 | D43: =IFERROR(__xludf.DUMMYFUNCTION("""COMPUTED_VALUE"""),46058.0) -> 46058
A44: =IFERROR(__xludf.DUMMYFUNCTION("""COMPUTED_VALUE"""),"AND25630004326") -> AND25630004326 | B44: =IFERROR(__xludf.DUMMYFUNCTION("""COMPUTED_VALUE"""),"WES") -> WES | C44: =IFERROR(__xludf.DUMMYFUNCTION("""COMPUTED_VALUE"""),46034.0) -> 46034 | D44: =IFERROR(__xludf.DUMMYFUNCTION("""COMPUTED_VALUE"""),46048.0) -> 46048
A45: =IFERROR(__xludf.DUMMYFUNCTION("""COMPUTED_VALUE"""),"AND25630004327") -> AND25630004327 | B45: =IFERROR(__xludf.DUMMYFUNCTION("""COMPUTED_VALUE"""),"WES") -> WES | C45: =IFERROR(__xludf.DUMMYFUNCTION("""COMPUTED_VALUE"""),46034.0) -> 46034 | D45: =IFERROR(__xludf.DUMMYFUNCTION("""COMPUTED_VALUE"""),46048.0) -> 46048
A46: =IFERROR(__xludf.DUMMYFUNCTION("""COMPUTED_VALUE"""),"AND25AJ0012406") -> AND25AJ0012406 | B46: =IFERROR(__xludf.DUMMYFUNCTION("""COMPUTED_VALUE"""),"WES") -> WES | C46: =IFERROR(__xludf.DUMMYFUNCTION("""COMPUTED_VALUE"""),46034.0) -> 46034 | D46: =IFERROR(__xludf.DUMMYFUNCTION("""COMPUTED_VALUE"""),46059.0) -> 46059
A47: =IFERROR(__xludf.DUMMYFUNCTION("""COMPUTED_VALUE"""),"AND25420006225") -> AND25420006225 | B47: =IFERROR(__xludf.DUMMYFUNCTION("""COMPUTED_VALUE"""),"Point Mutation testing") -> Point Mutation testing | C47: =IFERROR(__xludf.DUMMYFUNCTION("""COMPUTED_VALUE"""),46034.0) -> 46034 | D47: =IFERROR(__xludf.DUMMYFUNCTION("""COMPUTED_VALUE"""),46040.0) -> 46040
A48: =IFERROR(__xludf.DUMMYFUNCTION("""COMPUTED_VALUE"""),"AND25630004257") -> AND25630004257 | B48: =IFERROR(__xludf.DUMMYFUNCTION("""COMPUTED_VALUE"""),"WES") -> WES | C48: =IFERROR(__xludf.DUMMYFUNCTION("""COMPUTED_VALUE"""),46038.0) -> 46038 | D48: =IFERROR(__xludf.DUMMYFUNCTION("""COMPUTED_VALUE"""),46058.0) -> 46058
A49: =IFERROR(__xludf.DUMMYFUNCTION("""COMPUTED_VALUE"""),"AND25630004270") -> AND25630004270 | B49: =IFERROR(__xludf.DUMMYFUNCTION("""COMPUTED_VALUE"""),"WES+WMGS") -> WES+WMGS | C49: =IFERROR(__xludf.DUMMYFUNCTION("""COMPUTED_VALUE"""),46038.0) -> 46038 | D49: =IFERROR(__xludf.DUMMYFUNCTION("""COMPUTED_VALUE"""),46058.0) -> 46058
A50: =IFERROR(__xludf.DUMMYFUNCTION("""COMPUTED_VALUE"""),"AMB0000004553") -> AMB0000004553 | B50: =IFERROR(__xludf.DUMMYFUNCTION("""COMPUTED_VALUE"""),"WES") -> WES | C50: =IFERROR(__xludf.DUMMYFUNCTION("""COMPUTED_VALUE"""),46038.0) -> 46038 | D50: =IFERROR(__xludf.DUMMYFUNCTION("""COMPUTED_VALUE"""),46058.0) -> 46058
A51: =IFERROR(__xludf.DUMMYFUNCTION("""COMPUTED_VALUE"""),"AND25020064579") -> AND25020064579 | B51: =IFERROR(__xludf.DUMMYFUNCTION("""COMPUTED_VALUE"""),"WES+WMGS") -> WES+WMGS | C51: =IFERROR(__xludf.DUMMYFUNCTION("""COMPUTED_VALUE"""),46038.0) -> 46038 | D51: =IFERROR(__xludf.DUMMYFUNCTION("""COMPUTED_VALUE"""),46058.0) -> 46058
A52: =IFERROR(__xludf.DUMMYFUNCTION("""COMPUTED_VALUE"""),"AND251H0004681") -> AND251H0004681 | B52: =IFERROR(__xludf.DUMMYFUNCTION("""COMPUTED_VALUE"""),"CES") -> CES | C52: =IFERROR(__xludf.DUMMYFUNCTION("""COMPUTED_VALUE"""),46038.0) -> 46038 | D52: =IFERROR(__xludf.DUMMYFUNCTION("""COMPUTED_VALUE"""),46060.0) -> 46060
A53: =IFERROR(__xludf.DUMMYFUNCTION("""COMPUTED_VALUE"""),"AND25400036660") -> AND25400036660 | B53: =IFERROR(__xludf.DUMMYFUNCTION("""COMPUTED_VALUE"""),"CES") -> CES | C53: =IFERROR(__xludf.DUMMYFUNCTION("""COMPUTED_VALUE"""),46038.0) -> 46038 | D53: =IFERROR(__xludf.DUMMYFUNCTION("""COMPUTED_VALUE"""),46060.0) -> 46060
A54: =IFERROR(__xludf.DUMMYFUNCTION("""COMPUTED_VALUE"""),"ADH0000008547") -> ADH0000008547 | B54: =IFERROR(__xludf.DUMMYFUNCTION("""COMPUTED_VALUE"""),"WES") -> WES | C54: =IFERROR(__xludf.DUMMYFUNCTION("""COMPUTED_VALUE"""),46038.0) -> 46038 | D54: =IFERROR(__xludf.DUMMYFUNCTION("""COMPUTED_VALUE"""),46060.0) -> 46060
A55: =IFERROR(__xludf.DUMMYFUNCTION("""COMPUTED_VALUE"""),"ADH0000008548") -> ADH0000008548 | B55: =IFERROR(__xludf.DUMMYFUNCTION("""COMPUTED_VALUE"""),"WES") -> WES | C55: =IFERROR(__xludf.DUMMYFUNCTION("""COMPUTED_VALUE"""),46038.0) -> 46038 | D55: =IFERROR(__xludf.DUMMYFUNCTION("""COMPUTED_VALUE"""),46060.0) -> 46060
A56: =IFERROR(__xludf.DUMMYFUNCTION("""COMPUTED_VALUE"""),"AND251H0004672") -> AND251H0004672 | B56: =IFERROR(__xludf.DUMMYFUNCTION("""COMPUTED_VALUE"""),"WES") -> WES | C56: =IFERROR(__xludf.DUMMYFUNCTION("""COMPUTED_VALUE"""),46038.0) -> 46038 | D56: =IFERROR(__xludf.DUMMYFUNCTION("""COMPUTED_VALUE"""),46060.0) -> 46060
A57: =IFERROR(__xludf.DUMMYFUNCTION("""COMPUTED_VALUE"""),"AND251H0004673") -> AND251H0004673 | B57: =IFERROR(__xludf.DUMMYFUNCTION("""COMPUTED_VALUE"""),"WES") -> WES | C57: =IFERROR(__xludf.DUMMYFUNCTION("""COMPUTED_VALUE"""),46038.0) -> 46038 | D57: =IFERROR(__xludf.DUMMYFUNCTION("""COMPUTED_VALUE"""),46060.0) -> 46060
A58: =IFERROR(__xludf.DUMMYFUNCTION("""COMPUTED_VALUE"""),"AND25810032814") -> AND25810032814 | B58: =IFERROR(__xludf.DUMMYFUNCTION("""COMPUTED_VALUE"""),"WES") -> WES | C58: =IFERROR(__xludf.DUMMYFUNCTION("""COMPUTED_VALUE"""),46038.0) -> 46038 | D58: =IFERROR(__xludf.DUMMYFUNCTION("""COMPUTED_VALUE"""),46061.0) -> 46061
A59: =IFERROR(__xludf.DUMMYFUNCTION("""COMPUTED_VALUE"""),"AND25290014248") -> AND25290014248 | B59: =IFERROR(__xludf.DUMMYFUNCTION("""COMPUTED_VALUE"""),"WES") -> WES | C59: =IFERROR(__xludf.DUMMYFUNCTION("""COMPUTED_VALUE"""),46038.0) -> 46038 | D59: =IFERROR(__xludf.DUMMYFUNCTION("""COMPUTED_VALUE"""),46060.0) -> 46060
A60: =IFERROR(__xludf.DUMMYFUNCTION("""COMPUTED_VALUE"""),"AND25630004335") -> AND25630004335 | B60: =IFERROR(__xludf.DUMMYFUNCTION("""COMPUTED_VALUE"""),"WES+WMGS") -> WES+WMGS | C60: =IFERROR(__xludf.DUMMYFUNCTION("""COMPUTED_VALUE"""),46038.0) -> 46038 | D60: =IFERROR(__xludf.DUMMYFUNCTION("""COMPUTED_VALUE"""),46060.0) -> 46060
A61: =IFERROR(__xludf.DUMMYFUNCTION("""COMPUTED_VALUE"""),"AND25630004336") -> AND25630004336 | B61: =IFERROR(__xludf.DUMMYFUNCTION("""COMPUTED_VALUE"""),"WES+WMGS") -> WES+WMGS | C61: =IFERROR(__xludf.DUMMYFUNCTION("""COMPUTED_VALUE"""),46038.0) -> 46038 | D61: =IFERROR(__xludf.DUMMYFUNCTION("""COMPUTED_VALUE"""),46060.0) -> 46060
A62: =IFERROR(__xludf.DUMMYFUNCTION("""COMPUTED_VALUE"""),"AND25630004337") -> AND25630004337 | B62: =IFERROR(__xludf.DUMMYFUNCTION("""COMPUTED_VALUE"""),"WES+WMGS") -> WES+WMGS | C62: =IFERROR(__xludf.DUMMYFUNCTION("""COMPUTED_VALUE"""),46038.0) -> 46038 | D62: =IFERROR(__xludf.DUMMYFUNCTION("""COMPUTED_VALUE"""),46060.0) -> 46060
A63: =IFERROR(__xludf.DUMMYFUNCTION("""COMPUTED_VALUE"""),"AND25AJ0012951") -> AND25AJ0012951 | B63: =IFERROR(__xludf.DUMMYFUNCTION("""COMPUTED_VALUE"""),"CES") -> CES | C63: =IFERROR(__xludf.DUMMYFUNCTION("""COMPUTED_VALUE"""),46038.0) -> 46038 | D63: =IFERROR(__xludf.DUMMYFUNCTION("""COMPUTED_VALUE"""),46061.0) -> 46061
A64: =IFERROR(__xludf.DUMMYFUNCTION("""COMPUTED_VALUE"""),"AND25630004344") -> AND25630004344 | B64: =IFERROR(__xludf.DUMMYFUNCTION("""COMPUTED_VALUE"""),"WES") -> WES | C64: =IFERROR(__xludf.DUMMYFUNCTION("""COMPUTED_VALUE"""),46038.0) -> 46038 | D64: =IFERROR(__xludf.DUMMYFUNCTION("""COMPUTED_VALUE"""),46061.0) -> 46061
A65: =IFERROR(__xludf.DUMMYFUNCTION("""COMPUTED_VALUE"""),"AND25630004341") -> AND25630004341 | B65: =IFERROR(__xludf.DUMMYFUNCTION("""COMPUTED_VALUE"""),"WES") -> WES | C65: =IFERROR(__xludf.DUMMYFUNCTION("""COMPUTED_VALUE"""),46038.0) -> 46038 | D65: =IFERROR(__xludf.DUMMYFUNCTION("""COMPUTED_VALUE"""),46051.0) -> 46051
A66: =IFERROR(__xludf.DUMMYFUNCTION("""COMPUTED_VALUE"""),"AND25630004340") -> AND25630004340 | B66: =IFERROR(__xludf.DUMMYFUNCTION("""COMPUTED_VALUE"""),"WES") -> WES | C66: =IFERROR(__xludf.DUMMYFUNCTION("""COMPUTED_VALUE"""),46038.0) -> 46038 | D66: =IFERROR(__xludf.DUMMYFUNCTION("""COMPUTED_VALUE"""),46051.0) -> 46051
A67: =IFERROR(__xludf.DUMMYFUNCTION("""COMPUTED_VALUE"""),"AND25630004342") -> AND25630004342 | B67: =IFERROR(__xludf.DUMMYFUNCTION("""COMPUTED_VALUE"""),"WES") -> WES | C67: =IFERROR(__xludf.DUMMYFUNCTION("""COMPUTED_VALUE"""),46038.0) -> 46038 | D67: =IFERROR(__xludf.DUMMYFUNCTION("""COMPUTED_VALUE"""),46051.0) -> 46051
A68: =IFERROR(__xludf.DUMMYFUNCTION("""COMPUTED_VALUE"""),"AND25420006383") -> AND25420006383 | B68: =IFERROR(__xludf.DUMMYFUNCTION("""COMPUTED_VALUE"""),"ADVAT Focus carrier screening - NGS") -> ADVAT Focus carrier screening - NGS | C68: =IFERROR(__xludf.DUMMYFUNCTION("""COMPUTED_VALUE"""),46038.0) -> 46038 | D68: =IFERROR(__xludf.DUMMYFUNCTION("""COMPUTED_VALUE"""),46061.0) -> 46061
A69: =IFERROR(__xludf.DUMMYFUNCTION("""COMPUTED_VALUE"""),"AND25420006384") -> AND25420006384 | B69: =IFERROR(__xludf.DUMMYFUNCTION("""COMPUTED_VALUE"""),"ADVAT Focus carrier screening - NGS") -> ADVAT Focus carrier screening - NGS | C69: =IFERROR(__xludf.DUMMYFUNCTION("""COMPUTED_VALUE"""),46038.0) -> 46038 | D69: =IFERROR(__xludf.DUMMYFUNCTION("""COMPUTED_VALUE"""),46061.0) -> 46061
A70: =IFERROR(__xludf.DUMMYFUNCTION("""COMPUTED_VALUE"""),"DCC0000002098") -> DCC0000002098 | B70: =IFERROR(__xludf.DUMMYFUNCTION("""COMPUTED_VALUE"""),"WES") -> WES | C70: =IFERROR(__xludf.DUMMYFUNCTION("""COMPUTED_VALUE"""),46038.0) -> 46038 | D70: =IFERROR(__xludf.DUMMYFUNCTION("""COMPUTED_VALUE"""),46060.0) -> 46060
A71: =IFERROR(__xludf.DUMMYFUNCTION("""COMPUTED_VALUE"""),"AND25630004354") -> AND25630004354 | B71: =IFERROR(__xludf.DUMMYFUNCTION("""COMPUTED_VALUE"""),"WES") -> WES | C71: =IFERROR(__xludf.DUMMYFUNCTION("""COMPUTED_VALUE"""),46038.0) -> 46038 | D71: =IFERROR(__xludf.DUMMYFUNCTION("""COMPUTED_VALUE"""),46052.0) -> 46052
A72: =IFERROR(__xludf.DUMMYFUNCTION("""COMPUTED_VALUE"""),"AND25630004355") -> AND25630004355 | B72: =IFERROR(__xludf.DUMMYFUNCTION("""COMPUTED_VALUE"""),"WES") -> WES | C72: =IFERROR(__xludf.DUMMYFUNCTION("""COMPUTED_VALUE"""),46038.0) -> 46038 | D72: =IFERROR(__xludf.DUMMYFUNCTION("""COMPUTED_VALUE"""),46052.0) -> 46052
A73: =IFERROR(__xludf.DUMMYFUNCTION("""COMPUTED_VALUE"""),"AND25630004356") -> AND25630004356 | B73: =IFERROR(__xludf.DUMMYFUNCTION("""COMPUTED_VALUE"""),"WES") -> WES | C73: =IFERROR(__xludf.DUMMYFUNCTION("""COMPUTED_VALUE"""),46038.0) -> 46038 | D73: =IFERROR(__xludf.DUMMYFUNCTION("""COMPUTED_VALUE"""),46052.0) -> 46052
A74: =IFERROR(__xludf.DUMMYFUNCTION("""COMPUTED_VALUE"""),"AND25630004357") -> AND25630004357 | B74: =IFERROR(__xludf.DUMMYFUNCTION("""COMPUTED_VALUE"""),"WES") -> WES | C74: =IFERROR(__xludf.DUMMYFUNCTION("""COMPUTED_VALUE"""),46038.0) -> 46038 | D74: =IFERROR(__xludf.DUMMYFUNCTION("""COMPUTED_VALUE"""),46052.0) -> 46052
A75: =IFERROR(__xludf.DUMMYFUNCTION("""COMPUTED_VALUE"""),"AND25630004358") -> AND25630004358 | B75: =IFERROR(__xludf.DUMMYFUNCTION("""COMPUTED_VALUE"""),"WES") -> WES | C75: =IFERROR(__xludf.DUMMYFUNCTION("""COMPUTED_VALUE"""),46038.0) -> 46038 | D75: =IFERROR(__xludf.DUMMYFUNCTION("""COMPUTED_VALUE"""),46052.0) -> 46052
A76: =IFERROR(__xludf.DUMMYFUNCTION("""COMPUTED_VALUE"""),"AND25630004359") -> AND25630004359 | B76: =IFERROR(__xludf.DUMMYFUNCTION("""COMPUTED_VALUE"""),"WES") -> WES | C76: =IFERROR(__xludf.DUMMYFUNCTION("""COMPUTED_VALUE"""),46038.0) -> 46038 | D76: =IFERROR(__xludf.DUMMYFUNCTION("""COMPUTED_VALUE"""),46052.0) -> 46052
A77: =IFERROR(__xludf.DUMMYFUNCTION("""COMPUTED_VALUE"""),"AND25630004360") -> AND25630004360 | B77: =IFERROR(__xludf.DUMMYFUNCTION("""COMPUTED_VALUE"""),"WES") -> WES | C77: =IFERROR(__xludf.DUMMYFUNCTION("""COMPUTED_VALUE"""),46038.0) -> 46038 | D77: =IFERROR(__xludf.DUMMYFUNCTION("""COMPUTED_VALUE"""),46052.0) -> 46052
A78: =IFERROR(__xludf.DUMMYFUNCTION("""COMPUTED_VALUE"""),"AND25630004361") -> AND25630004361 | B78: =IFERROR(__xludf.DUMMYFUNCTION("""COMPUTED_VALUE"""),"WES") -> WES | C78: =IFERROR(__xludf.DUMMYFUNCTION("""COMPUTED_VALUE"""),46038.0) -> 46038 | D78: =IFERROR(__xludf.DUMMYFUNCTION("""COMPUTED_VALUE"""),46052.0) -> 46052
A79: =IFERROR(__xludf.DUMMYFUNCTION("""COMPUTED_VALUE"""),"AND25630004362") -> AND25630004362 | B79: =IFERROR(__xludf.DUMMYFUNCTION("""COMPUTED_VALUE"""),"WES") -> WES | C79: =IFERROR(__xludf.DUMMYFUNCTION("""COMPUTED_VALUE"""),46038.0) -> 46038 | D79: =IFERROR(__xludf.DUMMYFUNCTION("""COMPUTED_VALUE"""),46052.0) -> 46052
A80: =IFERROR(__xludf.DUMMYFUNCTION("""COMPUTED_VALUE"""),"AND25630004428") -> AND25630004428 | B80: =IFERROR(__xludf.DUMMYFUNCTION("""COMPUTED_VALUE"""),"WES") -> WES | C80: =IFERROR(__xludf.DUMMYFUNCTION("""COMPUTED_VALUE"""),46041.0) -> 46041 | D80: =IFERROR(__xludf.DUMMYFUNCTION("""COMPUTED_VALUE"""),46055.0) -> 46055
A81: =IFERROR(__xludf.DUMMYFUNCTION("""COMPUTED_VALUE"""),"AND25630004419") -> AND25630004419 | B81: =IFERROR(__xludf.DUMMYFUNCTION("""COMPUTED_VALUE"""),"WES") -> WES | C81: =IFERROR(__xludf.DUMMYFUNCTION("""COMPUTED_VALUE"""),46041.0) -> 46041 | D81: =IFERROR(__xludf.DUMMYFUNCTION("""COMPUTED_VALUE"""),46055.0) -> 46055
A82: =IFERROR(__xludf.DUMMYFUNCTION("""COMPUTED_VALUE"""),"AND25630004420") -> AND25630004420 | B82: =IFERROR(__xludf.DUMMYFUNCTION("""COMPUTED_VALUE"""),"WES") -> WES | C82: =IFERROR(__xludf.DUMMYFUNCTION("""COMPUTED_VALUE"""),46041.0) -> 46041 | D82: =IFERROR(__xludf.DUMMYFUNCTION("""COMPUTED_VALUE"""),46055.0) -> 46055
A83: =IFERROR(__xludf.DUMMYFUNCTION("""COMPUTED_VALUE"""),"AND25630004421") -> AND25630004421 | B83: =IFERROR(__xludf.DUMMYFUNCTION("""COMPUTED_VALUE"""),"WES") -> WES | C83: =IFERROR(__xludf.DUMMYFUNCTION("""COMPUTED_VALUE"""),46041.0) -> 46041 | D83: =IFERROR(__xludf.DUMMYFUNCTION("""COMPUTED_VALUE"""),46055.0) -> 46055
A84: =IFERROR(__xludf.DUMMYFUNCTION("""COMPUTED_VALUE"""),"AND25630004422") -> AND25630004422 | B84: =IFERROR(__xludf.DUMMYFUNCTION("""COMPUTED_VALUE"""),"WES") -> WES | C84: =IFERROR(__xludf.DUMMYFUNCTION("""COMPUTED_VALUE"""),46041.0) -> 46041 | D84: =IFERROR(__xludf.DUMMYFUNCTION("""COMPUTED_VALUE"""),46055.0) -> 46055
A85: =IFERROR(__xludf.DUMMYFUNCTION("""COMPUTED_VALUE"""),"AND25630004423") -> AND25630004423 | B85: =IFERROR(__xludf.DUMMYFUNCTION("""COMPUTED_VALUE"""),"WES") -> WES | C85: =IFERROR(__xludf.DUMMYFUNCTION("""COMPUTED_VALUE"""),46041.0) -> 46041 | D85: =IFERROR(__xludf.DUMMYFUNCTION("""COMPUTED_VALUE"""),46055.0) -> 46055
A86: =IFERROR(__xludf.DUMMYFUNCTION("""COMPUTED_VALUE"""),"AND25630004424") -> AND25630004424 | B86: =IFERROR(__xludf.DUMMYFUNCTION("""COMPUTED_VALUE"""),"WES") -> WES | C86: =IFERROR(__xludf.DUMMYFUNCTION("""COMPUTED_VALUE"""),46041.0) -> 46041 | D86: =IFERROR(__xludf.DUMMYFUNCTION("""COMPUTED_VALUE"""),46055.0) -> 46055
A87: =IFERROR(__xludf.DUMMYFUNCTION("""COMPUTED_VALUE"""),"AND25630004425") -> AND25630004425 | B87: =IFERROR(__xludf.DUMMYFUNCTION("""COMPUTED_VALUE"""),"WES") -> WES | C87: =IFERROR(__xludf.DUMMYFUNCTION("""COMPUTED_VALUE"""),46041.0) -> 46041 | D87: =IFERROR(__xludf.DUMMYFUNCTION("""COMPUTED_VALUE"""),46055.0) -> 46055
A88: =IFERROR(__xludf.DUMMYFUNCTION("""COMPUTED_VALUE"""),"AND25630004426") -> AND25630004426 | B88: =IFERROR(__xludf.DUMMYFUNCTION("""COMPUTED_VALUE"""),"WES") -> WES | C88: =IFERROR(__xludf.DUMMYFUNCTION("""COMPUTED_VALUE"""),46041.0) -> 46041 | D88: =IFERROR(__xludf.DUMMYFUNCTION("""COMPUTED_VALUE"""),46055.0) -> 46055
A89: =IFERROR(__xludf.DUMMYFUNCTION("""COMPUTED_VALUE"""),"AND25630004427") -> AND25630004427 | B89: =IFERROR(__xludf.DUMMYFUNCTION("""COMPUTED_VALUE"""),"WES") -> WES | C89: =IFERROR(__xludf.DUMMYFUNCTION("""COMPUTED_VALUE"""),46041.0) -> 46041 | D89: =IFERROR(__xludf.DUMMYFUNCTION("""COMPUTED_VALUE"""),46055.0) -> 46055
A90: =IFERROR(__xludf.DUMMYFUNCTION("""COMPUTED_VALUE"""),"AND25630004411") -> AND25630004411 | B90: =IFERROR(__xludf.DUMMYFUNCTION("""COMPUTED_VALUE"""),"WES") -> WES | C90: =IFERROR(__xludf.DUMMYFUNCTION("""COMPUTED_VALUE"""),46041.0) -> 46041 | D90: =IFERROR(__xludf.DUMMYFUNCTION("""COMPUTED_VALUE"""),46056.0) -> 46056
A91: =IFERROR(__xludf.DUMMYFUNCTION("""COMPUTED_VALUE"""),"AND25630004412") -> AND25630004412 | B91: =IFERROR(__xludf.DUMMYFUNCTION("""COMPUTED_VALUE"""),"WES") -> WES | C91: =IFERROR(__xludf.DUMMYFUNCTION("""COMPUTED_VALUE"""),46041.0) -> 46041 | D91: =IFERROR(__xludf.DUMMYFUNCTION("""COMPUTED_VALUE"""),46056.0) -> 46056
A92: =IFERROR(__xludf.DUMMYFUNCTION("""COMPUTED_VALUE"""),"AND25630004413") -> AND25630004413 | B92: =IFERROR(__xludf.DUMMYFUNCTION("""COMPUTED_VALUE"""),"WES") -> WES | C92: =IFERROR(__xludf.DUMMYFUNCTION("""COMPUTED_VALUE"""),46041.0) -> 46041 | D92: =IFERROR(__xludf.DUMMYFUNCTION("""COMPUTED_VALUE"""),46056.0) -> 46056
A93: =IFERROR(__xludf.DUMMYFUNCTION("""COMPUTED_VALUE"""),"AND25630004414") -> AND25630004414 | B93: =IFERROR(__xludf.DUMMYFUNCTION("""COMPUTED_VALUE"""),"WES") -> WES | C93: =IFERROR(__xludf.DUMMYFUNCTION("""COMPUTED_VALUE"""),46041.0) -> 46041 | D93: =IFERROR(__xludf.DUMMYFUNCTION("""COMPUTED_VALUE"""),46056.0) -> 46056
A94: =IFERROR(__xludf.DUMMYFUNCTION("""COMPUTED_VALUE"""),"AND25630004415") -> AND25630004415 | B94: =IFERROR(__xludf.DUMMYFUNCTION("""COMPUTED_VALUE"""),"WES") -> WES | C94: =IFERROR(__xludf.DUMMYFUNCTION("""COMPUTED_VALUE"""),46041.0) -> 46041 | D94: =IFERROR(__xludf.DUMMYFUNCTION("""COMPUTED_VALUE"""),46056.0) -> 46056
A95: =IFERROR(__xludf.DUMMYFUNCTION("""COMPUTED_VALUE"""),"AND25630004416") -> AND25630004416 | B95: =IFERROR(__xludf.DUMMYFUNCTION("""COMPUTED_VALUE"""),"WES") -> WES | C95: =IFERROR(__xludf.DUMMYFUNCTION("""COMPUTED_VALUE"""),46041.0) -> 46041 | D95: =IFERROR(__xludf.DUMMYFUNCTION("""COMPUTED_VALUE"""),46056.0) -> 46056
A96: =IFERROR(__xludf.DUMMYFUNCTION("""COMPUTED_VALUE"""),"AND25020029925") -> AND25020029925 | B96: =IFERROR(__xludf.DUMMYFUNCTION("""COMPUTED_VALUE"""),"WES") -> WES | C96: =IFERROR(__xludf.DUMMYFUNCTION("""COMPUTED_VALUE"""),46041.0) -> 46041 | D96: =IFERROR(__xludf.DUMMYFUNCTION("""COMPUTED_VALUE"""),46062.0) -> 46062
A97: =IFERROR(__xludf.DUMMYFUNCTION("""COMPUTED_VALUE"""),"AND25420006433") -> AND25420006433 | B97: =IFERROR(__xludf.DUMMYFUNCTION("""COMPUTED_VALUE"""),"ADVAT Focus carrier screening - NGS") -> ADVAT Focus carrier screening - NGS | C97: =IFERROR(__xludf.DUMMYFUNCTION("""COMPUTED_VALUE"""),46041.0) -> 46041 | D97: =IFERROR(__xludf.DUMMYFUNCTION("""COMPUTED_VALUE"""),46062.0) -> 46062
A98: =IFERROR(__xludf.DUMMYFUNCTION("""COMPUTED_VALUE"""),"AND25030019024") -> AND25030019024 | B98: =IFERROR(__xludf.DUMMYFUNCTION("""COMPUTED_VALUE"""),"WES") -> WES | C98: =IFERROR(__xludf.DUMMYFUNCTION("""COMPUTED_VALUE"""),46041.0) -> 46041 | D98: =IFERROR(__xludf.DUMMYFUNCTION("""COMPUTED_VALUE"""),46063.0) -> 46063
A99: =IFERROR(__xludf.DUMMYFUNCTION("""COMPUTED_VALUE"""),"AND25380237288") -> AND25380237288 | B99: =IFERROR(__xludf.DUMMYFUNCTION("""COMPUTED_VALUE"""),"WES") -> WES | C99: =IFERROR(__xludf.DUMMYFUNCTION("""COMPUTED_VALUE"""),46041.0) -> 46041 | D99: =IFERROR(__xludf.DUMMYFUNCTION("""COMPUTED_VALUE"""),46062.0) -> 46062
A100: =IFERROR(__xludf.DUMMYFUNCTION("""COMPUTED_VALUE"""),"AND25380237289") -> AND25380237289 | B100: =IFERROR(__xludf.DUMMYFUNCTION("""COMPUTED_VALUE"""),"WES") -> WES | C100: =IFERROR(__xludf.DUMMYFUNCTION("""COMPUTED_VALUE"""),46041.0) -> 46041 | D100: =IFERROR(__xludf.DUMMYFUNCTION("""COMPUTED_VALUE"""),46062.0) -> 46062
...
